Workbook

Sheet Set Counts
A1: Card Counts by Set
B2: Upgrades | C2: Quests | D2: Death Curses | E2: Stone Cards | F2: Heroes | G2: Monsters | H2: Pets | I2: Mounts | J2: Dragons | K2: Dragon Turns
A3: Arcadia Quest | B3: =SUMIF(Upgrades[],'Set Counts'!$A3,Upgrades[QTY]) -> 161 | C3: =COUNTIF(Quests[Set],'Set Counts'!$A3) -> 23 | D3: =SUMIF(DeathCurses[],'Set Counts'!$A3,DeathCurses[Qty]) -> 24 | E3: =SUMIF(StoneCards[],'Set Counts'!$A3,StoneCards[Qty]) -> 0 | F3: =COUNTIF(Heroes[Set],'Set Counts'!$A3) -> 12 | G3: =COUNTIF(Monsters[Set],'Set Counts'!$A3) -> 42 | H3: =COUNTIF(Pets[Set],'Set Counts'!$A3) -> 0 | I3: =COUNTIF(Mounts[Set],'Set Counts'!$A3) -> 0 | J3: 0 | K3: =SUMIF(DragonTurns[],'Set Counts'!$A3,DragonTurns[Qty]) -> 0
A4: Beyond the Grave | B4: =SUMIF(Upgrades[],'Set Counts'!$A4,Upgrades[QTY]) -> 48 | C4: =COUNTIF(Quests[Set],'Set Counts'!A4) -> 14 | D4: =SUMIF(DeathCurses[],'Set Counts'!$A4,DeathCurses[Qty]) -> 0 | E4: =SUMIF(StoneCards[],'Set Counts'!$A4,StoneCards[Qty]) -> 14 | F4: =COUNTIF(Heroes[Set],'Set Counts'!$A4) -> 2 | G4: =COUNTIF(Monsters[Set],'Set Counts'!$A4) -> 36 | H4: =COUNTIF(Pets[Set],'Set Counts'!$A4) -> 0 | I4: =COUNTIF(Mounts[Set],'Set Counts'!$A4) -> 0 | J4: 0 | K4: =SUMIF(DragonTurns[],'Set Counts'!$A4,DragonTurns[Qty]) -> 0
A5: Inferno | B5: =SUMIF(Upgrades[],'Set Counts'!$A5,Upgrades[QTY]) -> 152 | C5: =COUNTIF(Quests[Set],'Set Counts'!A5) -> 21 | D5: =SUMIF(DeathCurses[],'Set Counts'!$A5,DeathCurses[Qty]) -> 24 | E5: =SUMIF(StoneCards[],'Set Counts'!$A5,StoneCards[Qty]) -> 14 | F5: =COUNTIF(Heroes[Set],'Set Counts'!$A5) -> 17 | G5: =COUNTIF(Monsters[Set],'Set Counts'!$A5) -> 48 | H5: =COUNTIF(Pets[Set],'Set Counts'!$A5) -> 0 | I5: =COUNTIF(Mounts[Set],'Set Counts'!$A5) -> 0 | J5: 0 | K5: =SUMIF(DragonTurns[],'Set Counts'!$A5,DragonTurns[Qty]) -> 0
A6: Pets | B6: =SUMIF(Upgrades[],'Set Counts'!$A6,Upgrades[QTY]) -> 20 | C6: =COUNTIF(Quests[Set],'Set Counts'!A6) -> 10 | D6: =SUMIF(DeathCurses[],'Set Counts'!$A6,DeathCurses[Qty]) -> 0 | E6: =SUMIF(StoneCards[],'Set Counts'!$A6,StoneCards[Qty]) -> 0 | F6: =COUNTIF(Heroes[Set],'Set Counts'!$A6) -> 2 | G6: =COUNTIF(Monsters[Set],'Set Counts'!$A6) -> 20 | H6: =COUNTIF(Pets[Set],'Set Counts'!$A6) -> 36 | I6: =COUNTIF(Mounts[Set],'Set Counts'!$A6) -> 0 | J6: 0 | K6: =SUMIF(DragonTurns[],'Set Counts'!$A6,DragonTurns[Qty]) -> 0
A7: Riders | B7: =SUMIF(Upgrades[],'Set Counts'!$A7,Upgrades[QTY]) -> 47 | C7: =COUNTIF(Quests[Set],'Set Counts'!A7) -> 15 | D7: =SUMIF(DeathCurses[],'Set Counts'!$A7,DeathCurses[Qty]) -> 0 | E7: =SUMIF(StoneCards[],'Set Counts'!$A7,StoneCards[Qty]) -> 0 | F7: =COUNTIF(Heroes[Set],'Set Counts'!$A7) -> 2 | G7: =COUNTIF(Monsters[Set],'Set Counts'!$A7) -> 8 | H7: =COUNTIF(Pets[Set],'Set Counts'!$A7) -> 0 | I7: =COUNTIF(Mounts[Set],'Set Counts'!$A7) -> 6 | J7: 0 | K7: =SUMIF(DragonTurns[],'Set Counts'!$A7,DragonTurns[Qty]) -> 0
A8: Chaos Dragon | B8: =SUMIF(Upgrades[],'Set Counts'!$A8,Upgrades[QTY]) -> 27 | C8: =COUNTIF(Quests[Set],'Set Counts'!A8) -> 1 | D8: =SUMIF(DeathCurses[],'Set Counts'!$A8,DeathCurses[Qty]) -> 0 | E8: =SUMIF(StoneCards[],'Set Counts'!$A8,StoneCards[Qty]) -> 14 | F8: =COUNTIF(Heroes[Set],'Set Counts'!$A8) -> 0 | G8: =COUNTIF(Monsters[Set],'Set Counts'!$A8) -> 0 | H8: =COUNTIF(Pets[Set],'Set Counts'!$A8) -> 0 | I8: =COUNTIF(Mounts[Set],'Set Counts'!$A8) -> 0 | J8: 2 | K8: =SUMIF(DragonTurns[],'Set Counts'!$A8,DragonTurns[Qty]) -> 24
A9: Fire Dragon | B9: =SUMIF(Upgrades[],'Set Counts'!$A9,Upgrades[QTY]) -> 27 | C9: =COUNTIF(Quests[Set],'Set Counts'!A9) -> 1 | D9: =SUMIF(DeathCurses[],'Set Counts'!$A9,DeathCurses[Qty]) -> 0 | E9: =SUMIF(StoneCards[],'Set Counts'!$A9,StoneCards[Qty]) -> 14 | F9: =COUNTIF(Heroes[Set],'Set Counts'!$A9) -> 0 | G9: =COUNTIF(Monsters[Set],'Set Counts'!$A9) -> 0 | H9: =COUNTIF(Pets[Set],'Set Counts'!$A9) -> 0 | I9: =COUNTIF(Mounts[Set],'Set Counts'!$A9) -> 0 | J9: 2 | K9: =SUMIF(DragonTurns[],'Set Counts'!$A9,DragonTurns[Qty]) -> 24
A10: Frost Dragon | B10: =SUMIF(Upgrades[],'Set Counts'!$A10,Upgrades[QTY]) -> 27 | C10: =COUNTIF(Quests[Set],'Set Counts'!A10) -> 1 | D10: =SUMIF(DeathCurses[],'Set Counts'!$A10,DeathCurses[Qty]) -> 0 | E10: =SUMIF(StoneCards[],'Set Counts'!$A10,StoneCards[Qty]) -> 14 | F10: =COUNTIF(Heroes[Set],'Set Counts'!$A10) -> 0 | G10: =COUNTIF(Monsters[Set],'Set Counts'!$A10) -> 0 | H10: =COUNTIF(Pets[Set],'Set Counts'!$A10) -> 0 | I10: =COUNTIF(Mounts[Set],'Set Counts'!$A10) -> 0 | J10: 2 | K10: =SUMIF(DragonTurns[],'Set Counts'!$A10,DragonTurns[Qty]) -> 24
A11: Poison Dragon | B11: =SUMIF(Upgrades[],'Set Counts'!$A11,Upgrades[QTY]) -> 27 | C11: =COUNTIF(Quests[Set],'Set Counts'!A11) -> 1 | D11: =SUMIF(DeathCurses[],'Set Counts'!$A11,DeathCurses[Qty]) -> 0 | E11: =SUMIF(StoneCards[],'Set Counts'!$A11,StoneCards[Qty]) -> 14 | F11: =COUNTIF(Heroes[Set],'Set Counts'!$A11) -> 0 | G11: =COUNTIF(Monsters[Set],'Set Counts'!$A11) -> 0 | H11: =COUNTIF(Pets[Set],'Set Counts'!$A11) -> 0 | I11: =COUNTIF(Mounts[Set],'Set Counts'!$A11) -> 0 | J11: 2 | K11: =SUMIF(DragonTurns[],'Set Counts'!$A11,DragonTurns[Qty]) -> 24
A12: The Nameless | B12: =SUMIF(Upgrades[],'Set Counts'!$A12,Upgrades[QTY]) -> 0 | C12: =COUNTIF(Quests[Set],'Set Counts'!A12) -> 3 | D12: =SUMIF(DeathCurses[],'Set Counts'!$A12,DeathCurses[Qty]) -> 0 | E12: =SUMIF(StoneCards[],'Set Counts'!$A12,StoneCards[Qty]) -> 0 | F12: =COUNTIF(Heroes[Set],'Set Counts'!$A12) -> 0 | G12: =COUNTIF(Monsters[Set],'Set Counts'!$A12) -> 12 | H12: =COUNTIF(Pets[Set],'Set Counts'!$A12) -> 0 | I12: =COUNTIF(Mounts[Set],'Set Counts'!$A12) -> 0 | J12: 0 | K12: =SUMIF(DragonTurns[],'Set Counts'!$A12,DragonTurns[Qty]) -> 0
A13: Whole Lotta Lava | B13: =SUMIF(Upgrades[],'Set Counts'!$A13,Upgrades[QTY]) -> 2 | C13: =COUNTIF(Quests[Set],'Set Counts'!A13) -> 3 | D13: =SUMIF(DeathCurses[],'Set Counts'!$A13,DeathCurses[Qty]) -> 0 | E13: =SUMIF(StoneCards[],'Set Counts'!$A13,StoneCards[Qty]) -> 0 | F13: =COUNTIF(Heroes[Set],'Set Counts'!$A13) -> 0 | G13: =COUNTIF(Monsters[Set],'Set Counts'!$A13) -> 12 | H13: =COUNTIF(Pets[Set],'Set Counts'!$A13) -> 0 | I13: =COUNTIF(Mounts[Set],'Set Counts'!$A13) -> 0 | J13: 0 | K13: =SUMIF(DragonTurns[],'Set Counts'!$A13,DragonTurns[Qty]) -> 0
A14: 2016 CMON Expo | B14: =SUMIF(Upgrades[],'Set Counts'!$A14,Upgrades[QTY]) -> 4 | C14: =COUNTIF(Quests[Set],'Set Counts'!A14) -> 0 | D14: =SUMIF(DeathCurses[],'Set Counts'!$A14,DeathCurses[Qty]) -> 0 | E14: =SUMIF(StoneCards[],'Set Counts'!$A14,StoneCards[Qty]) -> 0 | F14: =COUNTIF(Heroes[Set],'Set Counts'!$A14) -> 0 | G14: =COUNTIF(Monsters[Set],'Set Counts'!$A14) -> 0 | H14: =COUNTIF(Pets[Set],'Set Counts'!$A14) -> 0 | I14: =COUNTIF(Mounts[Set],'Set Counts'!$A14) -> 0 | J14: 0 | K14: =SUMIF(DragonTurns[],'Set Counts'!$A14,DragonTurns[Qty]) -> 0

Sheet Item Type by Set
A1: Item Types by Set | H1: Unique Items by Type and Level | Q1: Unique Count
H2: Type | I2: 1 | J2: 2 | K2: 3 | L2: 4 | M2: 5 | N2: 6 | O2: Total | Q2: Class | R2: 1 | S2: 2 | T2: 3 | U2: 4 | V2: 5 | W2: 6 | X2: Total
A3: Sum of QTY | H3: Sword | I3: =COUNTIFS(Upgrades!$H:$H,'Item Type by Set'!$H3,Upgrades!$D:$D,'Item Type by Set'!I$2) -> 2 | J3: =COUNTIFS(Upgrades!$H:$H,'Item Type by Set'!$H3,Upgrades!$D:$D,'Item Type by Set'!J$2) -> 2 | K3: =COUNTIFS(Upgrades!$H:$H,'Item Type by Set'!$H3,Upgrades!$D:$D,'Item Type by Set'!K$2) -> 1 | L3: =COUNTIFS(Upgrades!$H:$H,'Item Type by Set'!$H3,Upgrades!$D:$D,'Item Type by Set'!L$2) -> 2 | M3: =COUNTIFS(Upgrades!$H:$H,'Item Type by Set'!$H3,Upgrades!$D:$D,'Item Type by Set'!M$2) -> 2 | N3: =COUNTIFS(Upgrades!$H:$H,'Item Type by Set'!$H3,Upgrades!$D:$D,'Item Type by Set'!N$2) -> 3 | O3: =SUM(I3:N3) -> 12 | Q3: Boost | R3: =COUNTIFS(Upgrades!$G:$G,'Item Type by Set'!$Q3,Upgrades!$D:$D,'Item Type by Set'!I$2) -> 4 | S3: =COUNTIFS(Upgrades!$G:$G,'Item Type by Set'!$Q3,Upgrades!$D:$D,'Item Type by Set'!J$2) -> 3 | T3: =COUNTIFS(Upgrades!$G:$G,'Item Type by Set'!$Q3,Upgrades!$D:$D,'Item Type by Set'!K$2) -> 4 | U3: =COUNTIFS(Upgrades!$G:$G,'Item Type by Set'!$Q3,Upgrades!$D:$D,'Item Type by Set'!L$2) -> 5 | V3: =COUNTIFS(Upgrades!$G:$G,'Item Type by Set'!$Q3,Upgrades!$D:$D,'Item Type by Set'!M$2) -> 4 | W3: =COUNTIFS(Upgrades!$G:$G,'Item Type by Set'!$Q3,Upgrades!$D:$D,'Item Type by Set'!N$2) -> 11 | X3: =SUM(R3:W3) -> 31
A4: Set | B4: Type | C4: Level | D4: Total | H4: Axe | I4: =COUNTIFS(Upgrades!$H:$H,'Item Type by Set'!$H4,Upgrades!$D:$D,'Item Type by Set'!I$2) -> 1 | J4: =COUNTIFS(Upgrades!$H:$H,'Item Type by Set'!$H4,Upgrades!$D:$D,'Item Type by Set'!J$2) -> 1 | K4: =COUNTIFS(Upgrades!$H:$H,'Item Type by Set'!$H4,Upgrades!$D:$D,'Item Type by Set'!K$2) -> 0 | L4: =COUNTIFS(Upgrades!$H:$H,'Item Type by Set'!$H4,Upgrades!$D:$D,'Item Type by Set'!L$2) -> 1 | M4: =COUNTIFS(Upgrades!$H:$H,'Item Type by Set'!$H4,Upgrades!$D:$D,'Item Type by Set'!M$2) -> 0 | N4: =COUNTIFS(Upgrades!$H:$H,'Item Type by Set'!$H4,Upgrades!$D:$D,'Item Type by Set'!N$2) -> 1 | O4: =SUM(I4:N4) -> 4 | Q4: Pet Item | R4: =COUNTIFS(Upgrades!$G:$G,'Item Type by Set'!$Q4,Upgrades!$D:$D,'Item Type by Set'!I$2) -> 1 | S4: =COUNTIFS(Upgrades!$G:$G,'Item Type by Set'!$Q4,Upgrades!$D:$D,'Item Type by Set'!J$2) -> 1 | T4: =COUNTIFS(Upgrades!$G:$G,'Item Type by Set'!$Q4,Upgrades!$D:$D,'Item Type by Set'!K$2) -> 1 | U4: =COUNTIFS(Upgrades!$G:$G,'Item Type by Set'!$Q4,Upgrades!$D:$D,'Item Type by Set'!L$2) -> 0 | V4: =COUNTIFS(Upgrades!$G:$G,'Item Type by Set'!$Q4,Upgrades!$D:$D,'Item Type by Set'!M$2) -> 1 | W4: =COUNTIFS(Upgrades!$G:$G,'Item Type by Set'!$Q4,Upgrades!$D:$D,'Item Type by Set'!N$2) -> 0 | X4: =SUM(R4:W4) -> 4
A5: 2016 CMON Expo | B5: Bow | D5: 4 | H5: Hammer | I5: =COUNTIFS(Upgrades!$H:$H,'Item Type by Set'!$H5,Upgrades!$D:$D,'Item Type by Set'!I$2) -> 3 | J5: =COUNTIFS(Upgrades!$H:$H,'Item Type by Set'!$H5,Upgrades!$D:$D,'Item Type by Set'!J$2) -> 2 | K5: =COUNTIFS(Upgrades!$H:$H,'Item Type by Set'!$H5,Upgrades!$D:$D,'Item Type by Set'!K$2) -> 3 | L5: =COUNTIFS(Upgrades!$H:$H,'Item Type by Set'!$H5,Upgrades!$D:$D,'Item Type by Set'!L$2) -> 2 | M5: =COUNTIFS(Upgrades!$H:$H,'Item Type by Set'!$H5,Upgrades!$D:$D,'Item Type by Set'!M$2) -> 2 | N5: =COUNTIFS(Upgrades!$H:$H,'Item Type by Set'!$H5,Upgrades!$D:$D,'Item Type by Set'!N$2) -> 2 | O5: =SUM(I5:N5) -> 14 | Q5: Mount Item | R5: =COUNTIFS(Upgrades!$G:$G,'Item Type by Set'!$Q5,Upgrades!$D:$D,'Item Type by Set'!I$2) -> 1 | S5: =COUNTIFS(Upgrades!$G:$G,'Item Type by Set'!$Q5,Upgrades!$D:$D,'Item Type by Set'!J$2) -> 1 | T5: =COUNTIFS(Upgrades!$G:$G,'Item Type by Set'!$Q5,Upgrades!$D:$D,'Item Type by Set'!K$2) -> 1 | U5: =COUNTIFS(Upgrades!$G:$G,'Item Type by Set'!$Q5,Upgrades!$D:$D,'Item Type by Set'!L$2) -> 1 | V5: =COUNTIFS(Upgrades!$G:$G,'Item Type by Set'!$Q5,Upgrades!$D:$D,'Item Type by Set'!M$2) -> 1 | W5: =COUNTIFS(Upgrades!$G:$G,'Item Type by Set'!$Q5,Upgrades!$D:$D,'Item Type by Set'!N$2) -> 0 | X5: =SUM(R5:W5) -> 5
A6: 2016 CMON Expo Total | D6: 4 | H6: Bow | I6: =COUNTIFS(Upgrades!$H:$H,'Item Type by Set'!$H6,Upgrades!$D:$D,'Item Type by Set'!I$2) -> 2 | J6: =COUNTIFS(Upgrades!$H:$H,'Item Type by Set'!$H6,Upgrades!$D:$D,'Item Type by Set'!J$2) -> 3 | K6: =COUNTIFS(Upgrades!$H:$H,'Item Type by Set'!$H6,Upgrades!$D:$D,'Item Type by Set'!K$2) -> 2 | L6: =COUNTIFS(Upgrades!$H:$H,'Item Type by Set'!$H6,Upgrades!$D:$D,'Item Type by Set'!L$2) -> 3 | M6: =COUNTIFS(Upgrades!$H:$H,'Item Type by Set'!$H6,Upgrades!$D:$D,'Item Type by Set'!M$2) -> 3 | N6: =COUNTIFS(Upgrades!$H:$H,'Item Type by Set'!$H6,Upgrades!$D:$D,'Item Type by Set'!N$2) -> 3 | O6: =SUM(I6:N6) -> 16 | Q6: Total | R6: =SUM(R3:R5) -> 6 | S6: =SUM(S3:S5) -> 5 | T6: =SUM(T3:T5) -> 6 | U6: =SUM(U3:U5) -> 6 | V6: =SUM(V3:V5) -> 6 | W6: =SUM(W3:W5) -> 11
A7: Arcadia Quest | B7: Ability | D7: 8 | H7: Magic | I7: =COUNTIFS(Upgrades!$H:$H,'Item Type by Set'!$H7,Upgrades!$D:$D,'Item Type by Set'!I$2) -> 5 | J7: =COUNTIFS(Upgrades!$H:$H,'Item Type by Set'!$H7,Upgrades!$D:$D,'Item Type by Set'!J$2) -> 5 | K7: =COUNTIFS(Upgrades!$H:$H,'Item Type by Set'!$H7,Upgrades!$D:$D,'Item Type by Set'!K$2) -> 8 | L7: =COUNTIFS(Upgrades!$H:$H,'Item Type by Set'!$H7,Upgrades!$D:$D,'Item Type by Set'!L$2) -> 10 | M7: =COUNTIFS(Upgrades!$H:$H,'Item Type by Set'!$H7,Upgrades!$D:$D,'Item Type by Set'!M$2) -> 7 | N7: =COUNTIFS(Upgrades!$H:$H,'Item Type by Set'!$H7,Upgrades!$D:$D,'Item Type by Set'!N$2) -> 12 | O7: =SUM(I7:N7) -> 47
B8: Armor | D8: 10 | H8: Bling | I8: =COUNTIFS(Upgrades!$H:$H,'Item Type by Set'!$H8,Upgrades!$D:$D,'Item Type by Set'!I$2) -> 4 | J8: =COUNTIFS(Upgrades!$H:$H,'Item Type by Set'!$H8,Upgrades!$D:$D,'Item Type by Set'!J$2) -> 7 | K8: =COUNTIFS(Upgrades!$H:$H,'Item Type by Set'!$H8,Upgrades!$D:$D,'Item Type by Set'!K$2) -> 4 | L8: =COUNTIFS(Upgrades!$H:$H,'Item Type by Set'!$H8,Upgrades!$D:$D,'Item Type by Set'!L$2) -> 7 | M8: =COUNTIFS(Upgrades!$H:$H,'Item Type by Set'!$H8,Upgrades!$D:$D,'Item Type by Set'!M$2) -> 11 | N8: =COUNTIFS(Upgrades!$H:$H,'Item Type by Set'!$H8,Upgrades!$D:$D,'Item Type by Set'!N$2) -> 10 | O8: =SUM(I8:N8) -> 43 | Q8: Total Card Count
B9: Axe | D9: 8 | H9: Armor | I9: =COUNTIFS(Upgrades!$H:$H,'Item Type by Set'!$H9,Upgrades!$D:$D,'Item Type by Set'!I$2) -> 1 | J9: =COUNTIFS(Upgrades!$H:$H,'Item Type by Set'!$H9,Upgrades!$D:$D,'Item Type by Set'!J$2) -> 3 | K9: =COUNTIFS(Upgrades!$H:$H,'Item Type by Set'!$H9,Upgrades!$D:$D,'Item Type by Set'!K$2) -> 2 | L9: =COUNTIFS(Upgrades!$H:$H,'Item Type by Set'!$H9,Upgrades!$D:$D,'Item Type by Set'!L$2) -> 2 | M9: =COUNTIFS(Upgrades!$H:$H,'Item Type by Set'!$H9,Upgrades!$D:$D,'Item Type by Set'!M$2) -> 2 | N9: =COUNTIFS(Upgrades!$H:$H,'Item Type by Set'!$H9,Upgrades!$D:$D,'Item Type by Set'!N$2) -> 5 | O9: =SUM(I9:N9) -> 15 | Q9: Class | R9: 1 | S9: 2 | T9: 3 | U9: 4 | V9: 5 | W9: 6 | X9: Total
B10: Bling | D10: 26 | H10: Ability | I10: =COUNTIFS(Upgrades!$H:$H,'Item Type by Set'!$H10,Upgrades!$D:$D,'Item Type by Set'!I$2) -> 4 | J10: =COUNTIFS(Upgrades!$H:$H,'Item Type by Set'!$H10,Upgrades!$D:$D,'Item Type by Set'!J$2) -> 2 | K10: =COUNTIFS(Upgrades!$H:$H,'Item Type by Set'!$H10,Upgrades!$D:$D,'Item Type by Set'!K$2) -> 5 | L10: =COUNTIFS(Upgrades!$H:$H,'Item Type by Set'!$H10,Upgrades!$D:$D,'Item Type by Set'!L$2) -> 4 | M10: =COUNTIFS(Upgrades!$H:$H,'Item Type by Set'!$H10,Upgrades!$D:$D,'Item Type by Set'!M$2) -> 2 | N10: =COUNTIFS(Upgrades!$H:$H,'Item Type by Set'!$H10,Upgrades!$D:$D,'Item Type by Set'!N$2) -> 0 | O10: =SUM(I10:N10) -> 17 | Q10: Boost | R10: =SUMIFS(Upgrades!$C:$C,Upgrades!$G:$G,'Item Type by Set'!$Q10,Upgrades!$D:$D,'Item Type by Set'!R$9) -> 7 | S10: =SUMIFS(Upgrades!$C:$C,Upgrades!$G:$G,'Item Type by Set'!$Q10,Upgrades!$D:$D,'Item Type by Set'!S$9) -> 6 | T10: =SUMIFS(Upgrades!$C:$C,Upgrades!$G:$G,'Item Type by Set'!$Q10,Upgrades!$D:$D,'Item Type by Set'!T$9) -> 5 | U10: =SUMIFS(Upgrades!$C:$C,Upgrades!$G:$G,'Item Type by Set'!$Q10,Upgrades!$D:$D,'Item Type by Set'!U$9) -> 6 | V10: =SUMIFS(Upgrades!$C:$C,Upgrades!$G:$G,'Item Type by Set'!$Q10,Upgrades!$D:$D,'Item Type by Set'!V$9) -> 6 | W10: =SUMIFS(Upgrades!$C:$C,Upgrades!$G:$G,'Item Type by Set'!$Q10,Upgrades!$D:$D,'Item Type by Set'!W$9) -> 12 | X10: =SUM(R10:W10) -> 42
B11: Bow | D11: 15 | H11: Gear | I11: =COUNTIFS(Upgrades!$H:$H,'Item Type by Set'!$H11,Upgrades!$D:$D,'Item Type by Set'!I$2) -> 5 | J11: =COUNTIFS(Upgrades!$H:$H,'Item Type by Set'!$H11,Upgrades!$D:$D,'Item Type by Set'!J$2) -> 6 | K11: =COUNTIFS(Upgrades!$H:$H,'Item Type by Set'!$H11,Upgrades!$D:$D,'Item Type by Set'!K$2) -> 6 | L11: =COUNTIFS(Upgrades!$H:$H,'Item Type by Set'!$H11,Upgrades!$D:$D,'Item Type by Set'!L$2) -> 5 | M11: =COUNTIFS(Upgrades!$H:$H,'Item Type by Set'!$H11,Upgrades!$D:$D,'Item Type by Set'!M$2) -> 4 | N11: =COUNTIFS(Upgrades!$H:$H,'Item Type by Set'!$H11,Upgrades!$D:$D,'Item Type by Set'!N$2) -> 13 | O11: =SUM(I11:N11) -> 39 | Q11: Pet Item | R11: =SUMIFS(Upgrades!$C:$C,Upgrades!$G:$G,'Item Type by Set'!$Q11,Upgrades!$D:$D,'Item Type by Set'!R$9) -> 2 | S11: =SUMIFS(Upgrades!$C:$C,Upgrades!$G:$G,'Item Type by Set'!$Q11,Upgrades!$D:$D,'Item Type by Set'!S$9) -> 2 | T11: =SUMIFS(Upgrades!$C:$C,Upgrades!$G:$G,'Item Type by Set'!$Q11,Upgrades!$D:$D,'Item Type by Set'!T$9) -> 2 | U11: =SUMIFS(Upgrades!$C:$C,Upgrades!$G:$G,'Item Type by Set'!$Q11,Upgrades!$D:$D,'Item Type by Set'!U$9) -> 0 | V11: =SUMIFS(Upgrades!$C:$C,Upgrades!$G:$G,'Item Type by Set'!$Q11,Upgrades!$D:$D,'Item Type by Set'!V$9) -> 2 | W11: =SUMIFS(Upgrades!$C:$C,Upgrades!$G:$G,'Item Type by Set'!$Q11,Upgrades!$D:$D,'Item Type by Set'!W$9) -> 0 | X11: =SUM(R11:W11) -> 8
B12: Gear | D12: 19 | H12: Shield | I12: =COUNTIFS(Upgrades!$H:$H,'Item Type by Set'!$H12,Upgrades!$D:$D,'Item Type by Set'!I$2) -> 1 | J12: =COUNTIFS(Upgrades!$H:$H,'Item Type by Set'!$H12,Upgrades!$D:$D,'Item Type by Set'!J$2) -> 2 | K12: =COUNTIFS(Upgrades!$H:$H,'Item Type by Set'!$H12,Upgrades!$D:$D,'Item Type by Set'!K$2) -> 1 | L12: =COUNTIFS(Upgrades!$H:$H,'Item Type by Set'!$H12,Upgrades!$D:$D,'Item Type by Set'!L$2) -> 2 | M12: =COUNTIFS(Upgrades!$H:$H,'Item Type by Set'!$H12,Upgrades!$D:$D,'Item Type by Set'!M$2) -> 2 | N12: =COUNTIFS(Upgrades!$H:$H,'Item Type by Set'!$H12,Upgrades!$D:$D,'Item Type by Set'!N$2) -> 0 | O12: =SUM(I12:N12) -> 8 | Q12: Mount Item | R12: =SUMIFS(Upgrades!$C:$C,Upgrades!$G:$G,'Item Type by Set'!$Q12,Upgrades!$D:$D,'Item Type by Set'!R$9) -> 2 | S12: =SUMIFS(Upgrades!$C:$C,Upgrades!$G:$G,'Item Type by Set'!$Q12,Upgrades!$D:$D,'Item Type by Set'!S$9) -> 2 | T12: =SUMIFS(Upgrades!$C:$C,Upgrades!$G:$G,'Item Type by Set'!$Q12,Upgrades!$D:$D,'Item Type by Set'!T$9) -> 2 | U12: =SUMIFS(Upgrades!$C:$C,Upgrades!$G:$G,'Item Type by Set'!$Q12,Upgrades!$D:$D,'Item Type by Set'!U$9) -> 2 | V12: =SUMIFS(Upgrades!$C:$C,Upgrades!$G:$G,'Item Type by Set'!$Q12,Upgrades!$D:$D,'Item Type by Set'!V$9) -> 2 | W12: =SUMIFS(Upgrades!$C:$C,Upgrades!$G:$G,'Item Type by Set'!$Q12,Upgrades!$D:$D,'Item Type by Set'!W$9) -> 0 | X12: =SUM(R12:W12) -> 10
B13: Hammer | D13: 10 | H13: Thrown Weapon | I13: =COUNTIFS(Upgrades!$H:$H,'Item Type by Set'!$H13,Upgrades!$D:$D,'Item Type by Set'!I$2) -> 1 | J13: =COUNTIFS(Upgrades!$H:$H,'Item Type by Set'!$H13,Upgrades!$D:$D,'Item Type by Set'!J$2) -> 1 | K13: =COUNTIFS(Upgrades!$H:$H,'Item Type by Set'!$H13,Upgrades!$D:$D,'Item Type by Set'!K$2) -> 3 | L13: =COUNTIFS(Upgrades!$H:$H,'Item Type by Set'!$H13,Upgrades!$D:$D,'Item Type by Set'!L$2) -> 2 | M13: =COUNTIFS(Upgrades!$H:$H,'Item Type by Set'!$H13,Upgrades!$D:$D,'Item Type by Set'!M$2) -> 2 | N13: =COUNTIFS(Upgrades!$H:$H,'Item Type by Set'!$H13,Upgrades!$D:$D,'Item Type by Set'!N$2) -> 3 | O13: =SUM(I13:N13) -> 12 | Q13: Total | R13: =SUM(R10:R12) -> 11 | S13: =SUM(S10:S12) -> 10 | T13: =SUM(T10:T12) -> 9 | U13: =SUM(U10:U12) -> 8 | V13: =SUM(V10:V12) -> 10 | W13: =SUM(W10:W12) -> 12
B14: Lance | D14: 2 | H14: Lance | I14: =COUNTIFS(Upgrades!$H:$H,'Item Type by Set'!$H14,Upgrades!$D:$D,'Item Type by Set'!I$2) -> 1 | J14: =COUNTIFS(Upgrades!$H:$H,'Item Type by Set'!$H14,Upgrades!$D:$D,'Item Type by Set'!J$2) -> 1 | K14: =COUNTIFS(Upgrades!$H:$H,'Item Type by Set'!$H14,Upgrades!$D:$D,'Item Type by Set'!K$2) -> 0 | L14: =COUNTIFS(Upgrades!$H:$H,'Item Type by Set'!$H14,Upgrades!$D:$D,'Item Type by Set'!L$2) -> 1 | M14: =COUNTIFS(Upgrades!$H:$H,'Item Type by Set'!$H14,Upgrades!$D:$D,'Item Type by Set'!M$2) -> 0 | N14: =COUNTIFS(Upgrades!$H:$H,'Item Type by Set'!$H14,Upgrades!$D:$D,'Item Type by Set'!N$2) -> 1 | O14: =SUM(I14:N14) -> 4
B15: Magic | D15: 32 | H15: Exotic | I15: =COUNTIFS(Upgrades!$H:$H,'Item Type by Set'!$H15,Upgrades!$D:$D,'Item Type by Set'!I$2) -> 2 | J15: =COUNTIFS(Upgrades!$H:$H,'Item Type by Set'!$H15,Upgrades!$D:$D,'Item Type by Set'!J$2) -> 1 | K15: =COUNTIFS(Upgrades!$H:$H,'Item Type by Set'!$H15,Upgrades!$D:$D,'Item Type by Set'!K$2) -> 2 | L15: =COUNTIFS(Upgrades!$H:$H,'Item Type by Set'!$H15,Upgrades!$D:$D,'Item Type by Set'!L$2) -> 0 | M15: =COUNTIFS(Upgrades!$H:$H,'Item Type by Set'!$H15,Upgrades!$D:$D,'Item Type by Set'!M$2) -> 2 | N15: =COUNTIFS(Upgrades!$H:$H,'Item Type by Set'!$H15,Upgrades!$D:$D,'Item Type by Set'!N$2) -> 0 | O15: =SUM(I15:N15) -> 7 | Q15: Unique Boost & Pet/Mount Cards by Type
B16: Shield | D16: 6 | H16: Sword - Dragon | I16: =COUNTIFS(Upgrades!$H:$H,'Item Type by Set'!$H16,Upgrades!$D:$D,'Item Type by Set'!I$2) -> 0 | J16: =COUNTIFS(Upgrades!$H:$H,'Item Type by Set'!$H16,Upgrades!$D:$D,'Item Type by Set'!J$2) -> 0 | K16: =COUNTIFS(Upgrades!$H:$H,'Item Type by Set'!$H16,Upgrades!$D:$D,'Item Type by Set'!K$2) -> 0 | L16: =COUNTIFS(Upgrades!$H:$H,'Item Type by Set'!$H16,Upgrades!$D:$D,'Item Type by Set'!L$2) -> 0 | M16: =COUNTIFS(Upgrades!$H:$H,'Item Type by Set'!$H16,Upgrades!$D:$D,'Item Type by Set'!M$2) -> 0 | N16: =COUNTIFS(Upgrades!$H:$H,'Item Type by Set'!$H16,Upgrades!$D:$D,'Item Type by Set'!N$2) -> 1 | O16: =SUM(I16:N16) -> 1 | Q16: Type | R16: 1 | S16: 2 | T16: 3 | U16: 4 | V16: 5 | W16: 6 | X16: Total
B17: Sword | D17: 19 | H17: Gear - Dragon | I17: =COUNTIFS(Upgrades!$H:$H,'Item Type by Set'!$H17,Upgrades!$D:$D,'Item Type by Set'!I$2) -> 0 | J17: =COUNTIFS(Upgrades!$H:$H,'Item Type by Set'!$H17,Upgrades!$D:$D,'Item Type by Set'!J$2) -> 0 | K17: =COUNTIFS(Upgrades!$H:$H,'Item Type by Set'!$H17,Upgrades!$D:$D,'Item Type by Set'!K$2) -> 0 | L17: =COUNTIFS(Upgrades!$H:$H,'Item Type by Set'!$H17,Upgrades!$D:$D,'Item Type by Set'!L$2) -> 0 | M17: =COUNTIFS(Upgrades!$H:$H,'Item Type by Set'!$H17,Upgrades!$D:$D,'Item Type by Set'!M$2) -> 0 | N17: =COUNTIFS(Upgrades!$H:$H,'Item Type by Set'!$H17,Upgrades!$D:$D,'Item Type by Set'!N$2) -> 3 | O17: =SUM(I17:N17) -> 3 | Q17: Ability | R17: =SUMIFS(Upgrades!$C:$C,Upgrades!$G:$G,'Item Type by Set'!$Q17,Upgrades!$D:$D,'Item Type by Set'!R$9) -> 0 | S17: 1 | T17: 1 | U17: =SUMIFS(Upgrades!$C:$C,Upgrades!$G:$G,'Item Type by Set'!$Q17,Upgrades!$D:$D,'Item Type by Set'!U$9) -> 0 | V17: =SUMIFS(Upgrades!$C:$C,Upgrades!$G:$G,'Item Type by Set'!$Q17,Upgrades!$D:$D,'Item Type by Set'!V$9) -> 0 | W17: =SUMIFS(Upgrades!$C:$C,Upgrades!$G:$G,'Item Type by Set'!$Q17,Upgrades!$D:$D,'Item Type by Set'!W$9) -> 0 | X17: =SUM(R17:W17) -> 2
B18: Thrown Weapon | D18: 5 | H18: Lance - Dragon | I18: =COUNTIFS(Upgrades!$H:$H,'Item Type by Set'!$H18,Upgrades!$D:$D,'Item Type by Set'!I$2) -> 0 | J18: =COUNTIFS(Upgrades!$H:$H,'Item Type by Set'!$H18,Upgrades!$D:$D,'Item Type by Set'!J$2) -> 0 | K18: =COUNTIFS(Upgrades!$H:$H,'Item Type by Set'!$H18,Upgrades!$D:$D,'Item Type by Set'!K$2) -> 0 | L18: =COUNTIFS(Upgrades!$H:$H,'Item Type by Set'!$H18,Upgrades!$D:$D,'Item Type by Set'!L$2) -> 0 | M18: =COUNTIFS(Upgrades!$H:$H,'Item Type by Set'!$H18,Upgrades!$D:$D,'Item Type by Set'!M$2) -> 0 | N18: =COUNTIFS(Upgrades!$H:$H,'Item Type by Set'!$H18,Upgrades!$D:$D,'Item Type by Set'!N$2) -> 1 | O18: =SUM(I18:N18) -> 1 | Q18: Armor | R18: =SUMIFS(Upgrades!$C:$C,Upgrades!$G:$G,'Item Type by Set'!$Q18,Upgrades!$D:$D,'Item Type by Set'!R$9) -> 0 | S18: =SUMIFS(Upgrades!$C:$C,Upgrades!$G:$G,'Item Type by Set'!$Q18,Upgrades!$D:$D,'Item Type by Set'!S$9) -> 0 | T18: 1 | U18: =SUMIFS(Upgrades!$C:$C,Upgrades!$G:$G,'Item Type by Set'!$Q18,Upgrades!$D:$D,'Item Type by Set'!U$9) -> 0 | V18: =SUMIFS(Upgrades!$C:$C,Upgrades!$G:$G,'Item Type by Set'!$Q18,Upgrades!$D:$D,'Item Type by Set'!V$9) -> 0 | W18: =SUMIFS(Upgrades!$C:$C,Upgrades!$G:$G,'Item Type by Set'!$Q18,Upgrades!$D:$D,'Item Type by Set'!W$9) -> 0 | X18: =SUM(R18:W18) -> 1
A19: Arcadia Quest Total | D19: 160 | H19: Bow - Dragon | I19: =COUNTIFS(Upgrades!$H:$H,'Item Type by Set'!$H19,Upgrades!$D:$D,'Item Type by Set'!I$2) -> 0 | J19: =COUNTIFS(Upgrades!$H:$H,'Item Type by Set'!$H19,Upgrades!$D:$D,'Item Type by Set'!J$2) -> 0 | K19: =COUNTIFS(Upgrades!$H:$H,'Item Type by Set'!$H19,Upgrades!$D:$D,'Item Type by Set'!K$2) -> 0 | L19: =COUNTIFS(Upgrades!$H:$H,'Item Type by Set'!$H19,Upgrades!$D:$D,'Item Type by Set'!L$2) -> 0 | M19: =COUNTIFS(Upgrades!$H:$H,'Item Type by Set'!$H19,Upgrades!$D:$D,'Item Type by Set'!M$2) -> 0 | N19: =COUNTIFS(Upgrades!$H:$H,'Item Type by Set'!$H19,Upgrades!$D:$D,'Item Type by Set'!N$2) -> 2 | O19: =SUM(I19:N19) -> 2 | Q19: Bling | R19: 2 | S19: 1 | T19: 0 | U19: 2 | V19: 3 | W19: 6 | X19: =SUM(R19:W19) -> 14
A20: Beyond the Grave | B20: Ability | D20: 3 | H20: Armor - Dragon | I20: =COUNTIFS(Upgrades!$H:$H,'Item Type by Set'!$H20,Upgrades!$D:$D,'Item Type by Set'!I$2) -> 0 | J20: =COUNTIFS(Upgrades!$H:$H,'Item Type by Set'!$H20,Upgrades!$D:$D,'Item Type by Set'!J$2) -> 0 | K20: =COUNTIFS(Upgrades!$H:$H,'Item Type by Set'!$H20,Upgrades!$D:$D,'Item Type by Set'!K$2) -> 0 | L20: =COUNTIFS(Upgrades!$H:$H,'Item Type by Set'!$H20,Upgrades!$D:$D,'Item Type by Set'!L$2) -> 0 | M20: =COUNTIFS(Upgrades!$H:$H,'Item Type by Set'!$H20,Upgrades!$D:$D,'Item Type by Set'!M$2) -> 0 | N20: =COUNTIFS(Upgrades!$H:$H,'Item Type by Set'!$H20,Upgrades!$D:$D,'Item Type by Set'!N$2) -> 1 | O20: =SUM(I20:N20) -> 1 | Q20: Gear | R20: 4 | S20: 3 | T20: 4 | U20: 4 | V20: 3 | W20: 5 | X20: =SUM(R20:W20) -> 23
B21: Armor | D21: 2 | H21: Total | I21: =SUM(I3:I20) -> 32 | J21: =SUM(J3:J20) -> 36 | K21: =SUM(K3:K20) -> 37 | L21: =SUM(L3:L20) -> 41 | M21: =SUM(M3:M20) -> 39 | N21: =SUM(N3:N20) -> 61 | O21: 246 | Q21: Total | R21: =SUM(R17:R20) -> 6 | S21: =SUM(S17:S20) -> 5 | T21: =SUM(T17:T20) -> 6 | U21: =SUM(U17:U20) -> 6 | V21: =SUM(V17:V20) -> 6 | W21: =SUM(W17:W20) -> 11 | X21: 40
B22: Axe | D22: 4
B23: Bling | D23: 7
B24: Bow | D24: 4 | H24: Unique Items by Type and Level (Boosts, Pet/Mount Items Removed)
B25: Exotic | D25: 2 | H25: Type | I25: 1 | J25: 2 | K25: 3 | L25: 4 | M25: 5 | N25: 6 | O25: Total
B26: Gear | D26: 7 | H26: Sword | I26: =COUNTIFS(Upgrades!$H:$H,'Item Type by Set'!$H26,Upgrades!$D:$D,'Item Type by Set'!I$2) -> 2 | J26: =COUNTIFS(Upgrades!$H:$H,'Item Type by Set'!$H26,Upgrades!$D:$D,'Item Type by Set'!J$2) -> 2 | K26: =COUNTIFS(Upgrades!$H:$H,'Item Type by Set'!$H26,Upgrades!$D:$D,'Item Type by Set'!K$2) -> 1 | L26: =COUNTIFS(Upgrades!$H:$H,'Item Type by Set'!$H26,Upgrades!$D:$D,'Item Type by Set'!L$2) -> 2 | M26: =COUNTIFS(Upgrades!$H:$H,'Item Type by Set'!$H26,Upgrades!$D:$D,'Item Type by Set'!M$2) -> 2 | N26: =COUNTIFS(Upgrades!$H:$H,'Item Type by Set'!$H26,Upgrades!$D:$D,'Item Type by Set'!N$2) -> 3 | O26: =SUM(I26:N26) -> 12
B27: Hammer | D27: 1 | H27: Axe | I27: =COUNTIFS(Upgrades!$H:$H,'Item Type by Set'!$H27,Upgrades!$D:$D,'Item Type by Set'!I$2) -> 1 | J27: =COUNTIFS(Upgrades!$H:$H,'Item Type by Set'!$H27,Upgrades!$D:$D,'Item Type by Set'!J$2) -> 1 | K27: =COUNTIFS(Upgrades!$H:$H,'Item Type by Set'!$H27,Upgrades!$D:$D,'Item Type by Set'!K$2) -> 0 | L27: =COUNTIFS(Upgrades!$H:$H,'Item Type by Set'!$H27,Upgrades!$D:$D,'Item Type by Set'!L$2) -> 1 | M27: =COUNTIFS(Upgrades!$H:$H,'Item Type by Set'!$H27,Upgrades!$D:$D,'Item Type by Set'!M$2) -> 0 | N27: =COUNTIFS(Upgrades!$H:$H,'Item Type by Set'!$H27,Upgrades!$D:$D,'Item Type by Set'!N$2) -> 1 | O27: =SUM(I27:N27) -> 4
B28: Lance | D28: 2 | H28: Hammer | I28: =COUNTIFS(Upgrades!$H:$H,'Item Type by Set'!$H28,Upgrades!$D:$D,'Item Type by Set'!I$2) -> 3 | J28: =COUNTIFS(Upgrades!$H:$H,'Item Type by Set'!$H28,Upgrades!$D:$D,'Item Type by Set'!J$2) -> 2 | K28: =COUNTIFS(Upgrades!$H:$H,'Item Type by Set'!$H28,Upgrades!$D:$D,'Item Type by Set'!K$2) -> 3 | L28: =COUNTIFS(Upgrades!$H:$H,'Item Type by Set'!$H28,Upgrades!$D:$D,'Item Type by Set'!L$2) -> 2 | M28: =COUNTIFS(Upgrades!$H:$H,'Item Type by Set'!$H28,Upgrades!$D:$D,'Item Type by Set'!M$2) -> 2 | N28: =COUNTIFS(Upgrades!$H:$H,'Item Type by Set'!$H28,Upgrades!$D:$D,'Item Type by Set'!N$2) -> 2 | O28: =SUM(I28:N28) -> 14
B29: Magic | D29: 11 | H29: Bow | I29: =COUNTIFS(Upgrades!$H:$H,'Item Type by Set'!$H29,Upgrades!$D:$D,'Item Type by Set'!I$2) -> 2 | J29: =COUNTIFS(Upgrades!$H:$H,'Item Type by Set'!$H29,Upgrades!$D:$D,'Item Type by Set'!J$2) -> 3 | K29: =COUNTIFS(Upgrades!$H:$H,'Item Type by Set'!$H29,Upgrades!$D:$D,'Item Type by Set'!K$2) -> 2 | L29: =COUNTIFS(Upgrades!$H:$H,'Item Type by Set'!$H29,Upgrades!$D:$D,'Item Type by Set'!L$2) -> 3 | M29: =COUNTIFS(Upgrades!$H:$H,'Item Type by Set'!$H29,Upgrades!$D:$D,'Item Type by Set'!M$2) -> 3 | N29: =COUNTIFS(Upgrades!$H:$H,'Item Type by Set'!$H29,Upgrades!$D:$D,'Item Type by Set'!N$2) -> 3 | O29: =SUM(I29:N29) -> 16
B30: Shield | D30: 1 | H30: Magic | I30: =COUNTIFS(Upgrades!$H:$H,'Item Type by Set'!$H30,Upgrades!$D:$D,'Item Type by Set'!I$2) -> 5 | J30: =COUNTIFS(Upgrades!$H:$H,'Item Type by Set'!$H30,Upgrades!$D:$D,'Item Type by Set'!J$2) -> 5 | K30: =COUNTIFS(Upgrades!$H:$H,'Item Type by Set'!$H30,Upgrades!$D:$D,'Item Type by Set'!K$2) -> 8 | L30: =COUNTIFS(Upgrades!$H:$H,'Item Type by Set'!$H30,Upgrades!$D:$D,'Item Type by Set'!L$2) -> 10 | M30: =COUNTIFS(Upgrades!$H:$H,'Item Type by Set'!$H30,Upgrades!$D:$D,'Item Type by Set'!M$2) -> 7 | N30: =COUNTIFS(Upgrades!$H:$H,'Item Type by Set'!$H30,Upgrades!$D:$D,'Item Type by Set'!N$2) -> 12 | O30: =SUM(I30:N30) -> 47
B31: Sword | D31: 2 | H31: Bling | I31: =COUNTIFS(Upgrades!$H:$H,'Item Type by Set'!$H31,Upgrades!$D:$D,'Item Type by Set'!I$2)-R19 -> 2 | J31: =COUNTIFS(Upgrades!$H:$H,'Item Type by Set'!$H31,Upgrades!$D:$D,'Item Type by Set'!J$2)-S19 -> 6 | K31: =COUNTIFS(Upgrades!$H:$H,'Item Type by Set'!$H31,Upgrades!$D:$D,'Item Type by Set'!K$2)-T19 -> 4 | L31: =COUNTIFS(Upgrades!$H:$H,'Item Type by Set'!$H31,Upgrades!$D:$D,'Item Type by Set'!L$2)-U19 -> 5 | M31: =COUNTIFS(Upgrades!$H:$H,'Item Type by Set'!$H31,Upgrades!$D:$D,'Item Type by Set'!M$2)-V19 -> 8 | N31: =COUNTIFS(Upgrades!$H:$H,'Item Type by Set'!$H31,Upgrades!$D:$D,'Item Type by Set'!N$2)-W19 -> 4 | O31: =SUM(I31:N31) -> 29
B32: Thrown Weapon | D32: 2 | H32: Armor | I32: =COUNTIFS(Upgrades!$H:$H,'Item Type by Set'!$H32,Upgrades!$D:$D,'Item Type by Set'!I$2) -> 1 | J32: =COUNTIFS(Upgrades!$H:$H,'Item Type by Set'!$H32,Upgrades!$D:$D,'Item Type by Set'!J$2) -> 3 | K32: =COUNTIFS(Upgrades!$H:$H,'Item Type by Set'!$H32,Upgrades!$D:$D,'Item Type by Set'!K$2)-T18 -> 1 | L32: =COUNTIFS(Upgrades!$H:$H,'Item Type by Set'!$H32,Upgrades!$D:$D,'Item Type by Set'!L$2) -> 2 | M32: =COUNTIFS(Upgrades!$H:$H,'Item Type by Set'!$H32,Upgrades!$D:$D,'Item Type by Set'!M$2) -> 2 | N32: =COUNTIFS(Upgrades!$H:$H,'Item Type by Set'!$H32,Upgrades!$D:$D,'Item Type by Set'!N$2) -> 5 | O32: =SUM(I32:N32) -> 14
A33: Beyond the Grave Total | D33: 48 | H33: Ability | I33: =COUNTIFS(Upgrades!$H:$H,'Item Type by Set'!$H33,Upgrades!$D:$D,'Item Type by Set'!I$2) -> 4 | J33: =COUNTIFS(Upgrades!$H:$H,'Item Type by Set'!$H33,Upgrades!$D:$D,'Item Type by Set'!J$2)-S17 -> 1 | K33: =COUNTIFS(Upgrades!$H:$H,'Item Type by Set'!$H33,Upgrades!$D:$D,'Item Type by Set'!K$2)-T17 -> 4 | L33: =COUNTIFS(Upgrades!$H:$H,'Item Type by Set'!$H33,Upgrades!$D:$D,'Item Type by Set'!L$2) -> 4 | M33: =COUNTIFS(Upgrades!$H:$H,'Item Type by Set'!$H33,Upgrades!$D:$D,'Item Type by Set'!M$2) -> 2 | N33: =COUNTIFS(Upgrades!$H:$H,'Item Type by Set'!$H33,Upgrades!$D:$D,'Item Type by Set'!N$2) -> 0 | O33: =SUM(I33:N33) -> 15
A34: Chaos Dragon | B34: Armor | D34: 2 | H34: Gear | I34: =COUNTIFS(Upgrades!$H:$H,'Item Type by Set'!$H34,Upgrades!$D:$D,'Item Type by Set'!I$2)-R20 -> 1 | J34: =COUNTIFS(Upgrades!$H:$H,'Item Type by Set'!$H34,Upgrades!$D:$D,'Item Type by Set'!J$2)-S20 -> 3 | K34: =COUNTIFS(Upgrades!$H:$H,'Item Type by Set'!$H34,Upgrades!$D:$D,'Item Type by Set'!K$2)-T20 -> 2 | L34: =COUNTIFS(Upgrades!$H:$H,'Item Type by Set'!$H34,Upgrades!$D:$D,'Item Type by Set'!L$2)-U20 -> 1 | M34: =COUNTIFS(Upgrades!$H:$H,'Item Type by Set'!$H34,Upgrades!$D:$D,'Item Type by Set'!M$2)-V20 -> 1 | N34: =COUNTIFS(Upgrades!$H:$H,'Item Type by Set'!$H34,Upgrades!$D:$D,'Item Type by Set'!N$2)-W20 -> 8 | O34: =SUM(I34:N34) -> 16
B35: Axe | D35: 2 | H35: Shield | I35: =COUNTIFS(Upgrades!$H:$H,'Item Type by Set'!$H35,Upgrades!$D:$D,'Item Type by Set'!I$2) -> 1 | J35: =COUNTIFS(Upgrades!$H:$H,'Item Type by Set'!$H35,Upgrades!$D:$D,'Item Type by Set'!J$2) -> 2 | K35: =COUNTIFS(Upgrades!$H:$H,'Item Type by Set'!$H35,Upgrades!$D:$D,'Item Type by Set'!K$2) -> 1 | L35: =COUNTIFS(Upgrades!$H:$H,'Item Type by Set'!$H35,Upgrades!$D:$D,'Item Type by Set'!L$2) -> 2 | M35: =COUNTIFS(Upgrades!$H:$H,'Item Type by Set'!$H35,Upgrades!$D:$D,'Item Type by Set'!M$2) -> 2 | N35: =COUNTIFS(Upgrades!$H:$H,'Item Type by Set'!$H35,Upgrades!$D:$D,'Item Type by Set'!N$2) -> 0 | O35: =SUM(I35:N35) -> 8
B36: Bling | D36: 3 | H36: Thrown Weapon | I36: =COUNTIFS(Upgrades!$H:$H,'Item Type by Set'!$H36,Upgrades!$D:$D,'Item Type by Set'!I$2) -> 1 | J36: =COUNTIFS(Upgrades!$H:$H,'Item Type by Set'!$H36,Upgrades!$D:$D,'Item Type by Set'!J$2) -> 1 | K36: =COUNTIFS(Upgrades!$H:$H,'Item Type by Set'!$H36,Upgrades!$D:$D,'Item Type by Set'!K$2) -> 3 | L36: =COUNTIFS(Upgrades!$H:$H,'Item Type by Set'!$H36,Upgrades!$D:$D,'Item Type by Set'!L$2) -> 2 | M36: =COUNTIFS(Upgrades!$H:$H,'Item Type by Set'!$H36,Upgrades!$D:$D,'Item Type by Set'!M$2) -> 2 | N36: =COUNTIFS(Upgrades!$H:$H,'Item Type by Set'!$H36,Upgrades!$D:$D,'Item Type by Set'!N$2) -> 3 | O36: =SUM(I36:N36) -> 12
B37: Bow | D37: 2 | H37: Lance | I37: =COUNTIFS(Upgrades!$H:$H,'Item Type by Set'!$H37,Upgrades!$D:$D,'Item Type by Set'!I$2) -> 1 | J37: =COUNTIFS(Upgrades!$H:$H,'Item Type by Set'!$H37,Upgrades!$D:$D,'Item Type by Set'!J$2) -> 1 | K37: =COUNTIFS(Upgrades!$H:$H,'Item Type by Set'!$H37,Upgrades!$D:$D,'Item Type by Set'!K$2) -> 0 | L37: =COUNTIFS(Upgrades!$H:$H,'Item Type by Set'!$H37,Upgrades!$D:$D,'Item Type by Set'!L$2) -> 1 | M37: =COUNTIFS(Upgrades!$H:$H,'Item Type by Set'!$H37,Upgrades!$D:$D,'Item Type by Set'!M$2) -> 0 | N37: =COUNTIFS(Upgrades!$H:$H,'Item Type by Set'!$H37,Upgrades!$D:$D,'Item Type by Set'!N$2) -> 1 | O37: =SUM(I37:N37) -> 4
B38: Gear | D38: 5 | H38: Exotic | I38: =COUNTIFS(Upgrades!$H:$H,'Item Type by Set'!$H38,Upgrades!$D:$D,'Item Type by Set'!I$2) -> 2 | J38: =COUNTIFS(Upgrades!$H:$H,'Item Type by Set'!$H38,Upgrades!$D:$D,'Item Type by Set'!J$2) -> 1 | K38: =COUNTIFS(Upgrades!$H:$H,'Item Type by Set'!$H38,Upgrades!$D:$D,'Item Type by Set'!K$2) -> 2 | L38: =COUNTIFS(Upgrades!$H:$H,'Item Type by Set'!$H38,Upgrades!$D:$D,'Item Type by Set'!L$2) -> 0 | M38: =COUNTIFS(Upgrades!$H:$H,'Item Type by Set'!$H38,Upgrades!$D:$D,'Item Type by Set'!M$2) -> 2 | N38: =COUNTIFS(Upgrades!$H:$H,'Item Type by Set'!$H38,Upgrades!$D:$D,'Item Type by Set'!N$2) -> 0 | O38: =SUM(I38:N38) -> 7
B39: Gear - Dragon | D39: 2 | H39: Sword - Dragon | I39: =COUNTIFS(Upgrades!$H:$H,'Item Type by Set'!$H39,Upgrades!$D:$D,'Item Type by Set'!I$2) -> 0 | J39: =COUNTIFS(Upgrades!$H:$H,'Item Type by Set'!$H39,Upgrades!$D:$D,'Item Type by Set'!J$2) -> 0 | K39: =COUNTIFS(Upgrades!$H:$H,'Item Type by Set'!$H39,Upgrades!$D:$D,'Item Type by Set'!K$2) -> 0 | L39: =COUNTIFS(Upgrades!$H:$H,'Item Type by Set'!$H39,Upgrades!$D:$D,'Item Type by Set'!L$2) -> 0 | M39: =COUNTIFS(Upgrades!$H:$H,'Item Type by Set'!$H39,Upgrades!$D:$D,'Item Type by Set'!M$2) -> 0 | N39: =COUNTIFS(Upgrades!$H:$H,'Item Type by Set'!$H39,Upgrades!$D:$D,'Item Type by Set'!N$2) -> 1 | O39: =SUM(I39:N39) -> 1
B40: Magic | D40: 6 | H40: Gear - Dragon | I40: =COUNTIFS(Upgrades!$H:$H,'Item Type by Set'!$H40,Upgrades!$D:$D,'Item Type by Set'!I$2) -> 0 | J40: =COUNTIFS(Upgrades!$H:$H,'Item Type by Set'!$H40,Upgrades!$D:$D,'Item Type by Set'!J$2) -> 0 | K40: =COUNTIFS(Upgrades!$H:$H,'Item Type by Set'!$H40,Upgrades!$D:$D,'Item Type by Set'!K$2) -> 0 | L40: =COUNTIFS(Upgrades!$H:$H,'Item Type by Set'!$H40,Upgrades!$D:$D,'Item Type by Set'!L$2) -> 0 | M40: =COUNTIFS(Upgrades!$H:$H,'Item Type by Set'!$H40,Upgrades!$D:$D,'Item Type by Set'!M$2) -> 0 | N40: =COUNTIFS(Upgrades!$H:$H,'Item Type by Set'!$H40,Upgrades!$D:$D,'Item Type by Set'!N$2) -> 3 | O40: =SUM(I40:N40) -> 3
B41: Sword | D41: 1 | H41: Lance - Dragon | I41: =COUNTIFS(Upgrades!$H:$H,'Item Type by Set'!$H41,Upgrades!$D:$D,'Item Type by Set'!I$2) -> 0 | J41: =COUNTIFS(Upgrades!$H:$H,'Item Type by Set'!$H41,Upgrades!$D:$D,'Item Type by Set'!J$2) -> 0 | K41: =COUNTIFS(Upgrades!$H:$H,'Item Type by Set'!$H41,Upgrades!$D:$D,'Item Type by Set'!K$2) -> 0 | L41: =COUNTIFS(Upgrades!$H:$H,'Item Type by Set'!$H41,Upgrades!$D:$D,'Item Type by Set'!L$2) -> 0 | M41: =COUNTIFS(Upgrades!$H:$H,'Item Type by Set'!$H41,Upgrades!$D:$D,'Item Type by Set'!M$2) -> 0 | N41: =COUNTIFS(Upgrades!$H:$H,'Item Type by Set'!$H41,Upgrades!$D:$D,'Item Type by Set'!N$2) -> 1 | O41: =SUM(I41:N41) -> 1
B42: Sword - Dragon | D42: 2 | H42: Bow - Dragon | I42: =COUNTIFS(Upgrades!$H:$H,'Item Type by Set'!$H42,Upgrades!$D:$D,'Item Type by Set'!I$2) -> 0 | J42: =COUNTIFS(Upgrades!$H:$H,'Item Type by Set'!$H42,Upgrades!$D:$D,'Item Type by Set'!J$2) -> 0 | K42: =COUNTIFS(Upgrades!$H:$H,'Item Type by Set'!$H42,Upgrades!$D:$D,'Item Type by Set'!K$2) -> 0 | L42: =COUNTIFS(Upgrades!$H:$H,'Item Type by Set'!$H42,Upgrades!$D:$D,'Item Type by Set'!L$2) -> 0 | M42: =COUNTIFS(Upgrades!$H:$H,'Item Type by Set'!$H42,Upgrades!$D:$D,'Item Type by Set'!M$2) -> 0 | N42: =COUNTIFS(Upgrades!$H:$H,'Item Type by Set'!$H42,Upgrades!$D:$D,'Item Type by Set'!N$2) -> 2 | O42: =SUM(I42:N42) -> 2
B43: Thrown Weapon | D43: 2 | H43: Armor - Dragon | I43: =COUNTIFS(Upgrades!$H:$H,'Item Type by Set'!$H43,Upgrades!$D:$D,'Item Type by Set'!I$2) -> 0 | J43: =COUNTIFS(Upgrades!$H:$H,'Item Type by Set'!$H43,Upgrades!$D:$D,'Item Type by Set'!J$2) -> 0 | K43: =COUNTIFS(Upgrades!$H:$H,'Item Type by Set'!$H43,Upgrades!$D:$D,'Item Type by Set'!K$2) -> 0 | L43: =COUNTIFS(Upgrades!$H:$H,'Item Type by Set'!$H43,Upgrades!$D:$D,'Item Type by Set'!L$2) -> 0 | M43: =COUNTIFS(Upgrades!$H:$H,'Item Type by Set'!$H43,Upgrades!$D:$D,'Item Type by Set'!M$2) -> 0 | N43: =COUNTIFS(Upgrades!$H:$H,'Item Type by Set'!$H43,Upgrades!$D:$D,'Item Type by Set'!N$2) -> 1 | O43: =SUM(I43:N43) -> 1
A44: Chaos Dragon Total | D44: 27 | H44: Total | I44: =SUM(I26:I43) -> 26 | J44: =SUM(J26:J43) -> 31 | K44: =SUM(K26:K43) -> 31 | L44: =SUM(L26:L43) -> 35 | M44: =SUM(M26:M43) -> 33 | N44: =SUM(N26:N43) -> 50 | O44: 206
A45: Fire Dragon | B45: Armor | D45: 2
B46: Armor - Dragon | D46: 2
B47: Bling | D47: 3
B48: Bow | D48: 2
B49: Bow - Dragon | D49: 2
B50: Gear | D50: 5
B51: Hammer | D51: 3
B52: Magic | D52: 5
B53: Sword | D53: 2
B54: Thrown Weapon | D54: 1
A55: Fire Dragon Total | D55: 27
A56: Frost Dragon | B56: Armor | D56: 3
B57: Bling | D57: 3
B58: Bow | D58: 2
B59: Gear | D59: 4
B60: Gear - Dragon | D60: 2
B61: Lance - Dragon | D61: 2
B62: Magic | D62: 6
B63: Sword | D63: 3
B64: Thrown Weapon | D64: 2
A65: Frost Dragon Total | D65: 27
A66: Inferno | B66: Ability | D66: 12
B67: Armor | D67: 8
B68: Bling | D68: 25
B69: Bow | D69: 17
B70: Exotic | D70: 8
B71: Gear | D71: 10
B72: Hammer | D72: 8
B73: Lance | D73: 8
B74: Magic | D74: 30
B75: Shield | D75: 8
B76: Sword | D76: 12
B77: Thrown Weapon | D77: 6
A78: Inferno Total | D78: 152
A79: Pets | B79: Ability | D79: 8
B80: Gear | D80: 10
B81: Thrown Weapon | D81: 2
A82: Pets Total | D82: 20
A83: Poison Dragon | B83: Armor | D83: 2
B84: Bling | D84: 3
B85: Bow - Dragon | D85: 2
B86: Gear | D86: 5
B87: Gear - Dragon | D87: 2
B88: Hammer | D88: 2
B89: Lance | D89: 2
B90: Magic | D90: 7
B91: Thrown Weapon | D91: 2
A92: Poison Dragon Total | D92: 27
A93: Riders | B93: Armor | D93: 2
B94: Exotic | D94: 6
B95: Gear | D95: 18
B96: Hammer | D96: 6
B97: Magic | D97: 8
B98: Thrown Weapon | D98: 7
A99: Riders Total | D99: 47
A100: Whole Lotta Lava | B100: Exotic | D100: 1
...

Sheet Upgrades
A1: Set | B1: Number | C1: QTY | D1: Level | E1: Name | F1: Price | G1: Class | H1: Type | I1: ATK | J1: DEF | K1: HP | L1: Reroll | M1: Description
A2: Arcadia Quest | B2: 1-01 | C2: 3 | D2: 1 | E2: Trusty Blade | F2: 1 | G2: Melee Attack | H2: Sword | I2: 3 | J2: 1 | L2: 1
A3: Arcadia Quest | B3: 1-02 | C3: 2 | D3: 1 | E3: Bleeder | F3: 2 | G3: Melee Attack | H3: Axe | I3: 3 | M3: Each Crit deals one additional hit.
A4: Arcadia Quest | B4: 1-03 | C4: 1 | D4: 1 | E4: Orc Beater | F4: 8 | G4: Melee Attack | H4: Hammer | I4: 4 | M4: Rolls +1 die against Orcs and Goblins.
A5: Arcadia Quest | B5: 1-04 | C5: 3 | D5: 1 | E5: Crescent Bow | F5: 3 | G5: Ranged Attack | H5: Bow | I5: 3
A6: Arcadia Quest | B6: 1-05 | C6: 3 | D6: 1 | E6: Wind Blast | F6: 4 | G6: Ranged Attack | H6: Magic | I6: 3 | M6: If this rolls any hits, move the target up to 3 spaces (this Move doesn't trigger Guard Reaction).
A7: Arcadia Quest | B7: 1-06 | C7: 2 | D7: 1 | E7: Sun Ring | F7: 0 | G7: Permanent | H7: Bling | L7: 1
A8: Arcadia Quest | B8: 1-07 | C8: 2 | D8: 1 | E8: Moon Ring | F8: 4 | G8: Boost | H8: Bling | M8: +1 die to one Attack Card.
A9: Arcadia Quest | B9: 1-08 | C9: 2 | D9: 1 | E9: Orc Pelt | F9: 5 | G9: Permanent | H9: Armor | J9: 2 | M9: Limit 1 armor per Hero.
A10: Arcadia Quest | B10: 1-09 | C10: 2 | D10: 1 | E10: Grrrrrrrrr! | F10: 7 | G10: Permanent | H10: Ability | M10: Once per attack, you may take 1 Wound to add +1 die.
A11: Arcadia Quest | B11: 1-10 | C11: 2 | D11: 1 | E11: Cleave | F11: 5 | G11: Permanent | H11: Ability | M11: Your Sword and Axe attacks may target an additional Enemy Close to this Hero.
A12: Arcadia Quest | B12: 1-11 | C12: 2 | D12: 1 | E12: Das Boot | F12: 0 | G12: Permanent | H12: Gear | M12: When you activate a different Hero, you may move this Hero 1 Space.
A13: Arcadia Quest | B13: 2-01 | C13: 2 | D13: 2 | E13: Smashface | F13: 1 | G13: Melee Attack | H13: Hammer | I13: 4 | M13: If this deals any Wounds, your target is Dazed.
A14: Arcadia Quest | B14: 2-02 | C14: 2 | D14: 2 | E14: Quickshot | F14: 4 | G14: Ranged Attack | H14: Bow | I14: 3 | M14: Only Crit on the Defense roll score saves against this attack.
A15: Arcadia Quest | B15: 2-03 | C15: 2 | D15: 2 | E15: Life Drain II | F15: 3 | G15: Ranged Attack | H15: Magic | I15: 3 | M15: Each hit heals 1 Wound from this Hero and one Close Ally.
A16: Arcadia Quest | B16: 2-04 | C16: 3 | D16: 2 | E16: Decimator | F16: 2 | G16: Melee Attack | H16: Axe | I16: 4 | M16: Each Crit deals one additional hit.
A17: Arcadia Quest | B17: 2-05 | C17: 2 | D17: 2 | E17: Hate | F17: 4 | G17: Ranged Attack | H17: Magic | I17: 3 | M17: If this rolls any Crit against a Hero, exhaust all of his cards, unless he takes 2 extra Wounds.
A18: Arcadia Quest | B18: 2-06 | C18: 2 | D18: 2 | E18: Knight's Plate | F18: 6 | G18: Permanent | H18: Armor | J18: 2 | K18: 1 | M18: Limit 1 armor per Hero.
A19: Arcadia Quest | B19: 2-07 | C19: 1 | D19: 2 | E19: Knight's Shield | F19: 1 | G19: Permanent | H19: Shield | J19: 1 | M19: May exhaust your Hero card to force an attack made against you to be rolled again.
A20: Arcadia Quest | B20: 2-08 | C20: 1 | D20: 2 | E20: Amulet of Retribution | F20: 8 | G20: Permanent | H20: Bling | M20: Each hit cancelled by this Hero's Defense roll deals 1 Wound to the attacker.
A21: Arcadia Quest | B21: 2-09 | C21: 2 | D21: 2 | E21: Heart of the Unicorn | F21: 0 | G21: Permanent | H21: Bling | K21: 2 | L21: 1
A22: Beyond the Grave | B22: BG1-03 | C22: 2 | D22: 1 | E22: Deadshot | F22: 3 | G22: Boost | H22: Gear | M22: +1 die to a Bow attack and an extra +1 die per Death Token on this Hero.
A23: Arcadia Quest | B23: 2-11 | C23: 1 | D23: 2 | E23: Cloak of Displacement | F23: 1 | G23: Permanent | H23: Gear | M23: At the start of your turn, you may switch places between this Hero and an Ally (drop all Quest tokens).
A24: Arcadia Quest | B24: 2-12 | C24: 1 | D24: 2 | E24: Celerity Stick | F24: 6 | G24: Permanent | H24: Gear | M24: This Hero may take 1 Wound to unexhaust all of his cards.
A25: Inferno | B25: INF1-10 | C25: 1 | D25: 1 | E25: Healing Bracer | F25: 0 | G25: Boost | H25: Gear | M25: Each wound dealt by the boosted Melee Attack heals 1 Wound from this Hero.
A26: Arcadia Quest | B26: 2-14 | C26: 1 | D26: 2 | E26: Crack of Dawn | F26: 9 | G26: Melee Attack | H26: Hammer | I26: 4 | M26: Rolls +1 die against Heroes.
A27: Arcadia Quest | B27: 3-01 | C27: 2 | D27: 3 | E27: Night Fury | F27: 3 | G27: Melee Attack | H27: Sword | I27: 4 | J27: 2 | L27: 2
A28: Arcadia Quest | B28: 3-02 | C28: 2 | D28: 3 | E28: Thorn | F28: 3 | G28: Ranged Attack | H28: Bow | I28: 4
A29: Arcadia Quest | B29: 3-03 | C29: 2 | D29: 3 | E29: Brimstone | F29: 1 | G29: Melee Attack | H29: Hammer | I29: 4 | M29: If this deals any Wounds, your target and 1 additional Enemy Close to it are Dazed.
A30: Arcadia Quest | B30: 3-04 | C30: 1 | D30: 3 | E30: Da Bomb | F30: 9 | G30: Ranged Attack | H30: Thrown Weapon | I30: 3 | M30: Limit 1 Bomb per Guild. If this rolls any hits, place 1 Guild token on each Close Space. Token explodes and attacks an enemy Hero who moves into that Space.
A31: Arcadia Quest | B31: 3-05 | C31: 2 | D31: 3 | E31: Nova Bolt II | F31: 4 | G31: Ranged Attack | H31: Magic | I31: 4 | M31: If this rolls any Crit, may target an additional Enemy Close to the target
A32: Arcadia Quest | B32: 3-06 | C32: 1 | D32: 3 | E32: Astral Strike | F32: 6 | G32: Melee Attack | H32: Magic | I32: 3 | M32: Only targets any Enemy on the board that's Close to an Ally of yours. (May be used by a dead Hero. Does not trigger Payback Reaction.)
A33: Arcadia Quest | B33: 3-07 | C33: 2 | D33: 3 | E33: Wind Blast II | F33: 4 | G33: Ranged Attack | H33: Magic | I33: 4 | M33: If this rolls any hits, move the target up to 3 spaces (this Move doesn't trigger Guard Reaction).
A34: Arcadia Quest | B34: 3-08 | C34: 1 | D34: 3 | E34: Die Booten | F34: 2 | G34: Permanent | H34: Gear | M34: When you activate a different Hero, you may move this Hero 2 Spaces.
A35: Arcadia Quest | B35: 3-09 | C35: 1 | D35: 3 | E35: More Grrrrrrrrr! | F35: 4 | G35: Permanent | H35: Ability | M35: Once per attack, you may take 2 Wounds to add +2 die.
A36: Arcadia Quest | B36: 3-10 | C36: 1 | D36: 3 | E36: Heart of the Gryphon | F36: 0 | G36: Permanent | H36: Bling | K36: 3
A37: Arcadia Quest | B37: 3-11 | C37: 1 | D37: 3 | E37: Genesis Glass | F37: 8 | G37: Permanent | H37: Bling | M37: At the start of your turn, this Hero heals 1 Wound.
A38: Arcadia Quest | B38: 3-12 | C38: 2 | D38: 3 | E38: Lord's Plate | F38: 6 | G38: Permanent | H38: Armor | J38: 4 | K38: 1 | M38: Limit 1 armor per Hero.
A39: Arcadia Quest | B39: 3-13 | C39: 2 | D39: 3 | E39: Sun Ring II | F39: 0 | G39: Permanent | H39: Bling | L39: 3
A40: Arcadia Quest | B40: 3-14 | C40: 2 | D40: 3 | E40: Battle Cry | F40: 4 | G40: Permanent | H40: Ability | M40: If your attack rolls any Crit, you may activate another allied Hero this turn.
A41: Pets | B41: PET1-01 | C41: 2 | D41: 1 | E41: Treat | F41: 0 | G41: Pet Item | H41: Gear | K41: 2
A42: Arcadia Quest | B42: 4-01 | C42: 2 | D42: 4 | E42: Frostbite | F42: 2 | G42: Melee Attack | H42: Sword | I42: 4 | J42: 1 | L42: 1 | M42: +2 dice against Heroes with any exhausted cards.
A43: Arcadia Quest | B43: 4-02 | C43: 2 | D43: 4 | E43: Twinbolt | F43: 4 | G43: Ranged Attack | H43: Bow | I43: 4 | M43: Only Crit on the Defense roll score saves against this attack
A44: Arcadia Quest | B44: 4-03 | C44: 2 | D44: 4 | E44: Burninate | F44: 6 | G44: Ranged Attack | H44: Magic | I44: 4 | M44: May also target any number of enemies Close to the target.
A45: Arcadia Quest | B45: 4-04 | C45: 2 | D45: 4 | E45: Bloodthirst | F45: 4 | G45: Melee Attack | H45: Axe | I45: 5 | M45: Each Crit deals 2 additional hits.
A46: Arcadia Quest | B46: 4-05 | C46: 2 | D46: 4 | E46: Hate II | F46: 4 | G46: Ranged Attack | H46: Magic | I46: 5 | M46: If this rolls any Crit against a Hero, exhaust all of his cards, unless he takes 2 extra Wounds.
A47: Arcadia Quest | B47: 4-06 | C47: 1 | D47: 4 | E47: Death Swarm | F47: 8 | G47: Ranged Attack | H47: Magic | I47: 5 | M47: If this rolls any Crit, take 2 monsters from the Spawn tile and place them anywhere on the board.
A48: Arcadia Quest | B48: 4-07 | C48: 2 | D48: 4 | E48: King's Plate | F48: 6 | G48: Permanent | H48: Armor | J48: 4 | K48: 2 | M48: Limit 1 armor per Hero.
A49: Inferno | B49: INF1-09 | C49: 2 | D49: 1 | E49: Angelic Ring | F49: 4 | G49: Boost | H49: Bling | M49: +1 die to one Attack card.
A50: Arcadia Quest | B50: 4-09 | C50: 2 | D50: 4 | E50: Life Drain III | F50: 4 | G50: Ranged Attack | H50: Magic | I50: 5 | M50: Each hit heals 1 Wound from this Hero and all Close Allies.
A51: Arcadia Quest | B51: 4-10 | C51: 2 | D51: 4 | E51: King's Shield | F51: 5 | G51: Permanent | H51: Shield | J51: 2 | L51: 2 | M51: May exhaust Hero to get +2 on a Defense roll.
A52: Arcadia Quest | B52: 4-11 | C52: 1 | D52: 4 | E52: Book of the Dead | F52: 0 | G52: Permanent | H52: Gear | M52: When attacking, add +1 die per Death token in your Guild.
A53: Riders | B53: RID1-03 | C53: 2 | D53: 1 | E53: Stirrup | F53: 0 | G53: Mount Item | H53: Gear | M53: Mounting and dismounting this Mount does not cost a Movement Point.
A54: Arcadia Quest | B54: 4-13 | C54: 2 | D54: 4 | E54: Heart of the Phoenix | F54: 0 | G54: Permanent | H54: Bling | K54: 2 | L54: 2
A55: Arcadia Quest | B55: 4-14 | C55: 1 | D55: 4 | E55: Cleave II | F55: 9 | G55: Permanent | H55: Ability | M55: Your Sword and Axe attacks may target all Enemies Close to this Hero
A56: Arcadia Quest | B56: 5-01 | C56: 2 | D56: 5 | E56: Emberstrike | F56: 4 | G56: Melee Attack | H56: Sword | I56: 5 | J56: 1 | L56: 1 | M56: If this rolls any Crit, target cannot roll Defense.
A57: Arcadia Quest | B57: 5-02 | C57: 2 | D57: 5 | E57: Trueshot | F57: 3 | G57: Ranged Attack | H57: Bow | I57: 6
A58: Arcadia Quest | B58: 5-03 | C58: 2 | D58: 5 | E58: Bomb Appetit | F58: 9 | G58: Ranged Attack | H58: Thrown Weapon | I58: 5 | M58: Limit 1 Bomb per Guild. If this rolls any hits, place 1 Guild token on each Close Space. Token explodes and attacks an enemy Hero who moves into that Space.
A59: Arcadia Quest | B59: 5-04 | C59: 2 | D59: 5 | E59: Ground Pounder | F59: 2 | G59: Melee Attack | H59: Hammer | I59: 5 | M59: If this deals a Wound, your target and all Enemies Close to it are Dazed.
A60: Arcadia Quest | B60: 5-05 | C60: 2 | D60: 5 | E60: Astral Strike II | F60: 4 | G60: Melee Attack | H60: Magic | I60: 5 | M60: Only targets any Enemy on the board that's Close to an Ally of yours. (May be used by a dead Hero. Does not trigger Payback Reaction.)
A61: Arcadia Quest | B61: 5-06 | C61: 2 | D61: 5 | E61: Burninate II | F61: 5 | G61: Ranged Attack | H61: Magic | I61: 5 | M61: May also target any number of enemies Close to the target.
A62: Arcadia Quest | B62: 5-07 | C62: 2 | D62: 5 | E62: Emperor's Plate | F62: 8 | G62: Permanent | H62: Armor | J62: 6 | K62: 4 | M62: Limit 1 armor per Hero.
A63: Arcadia Quest | B63: 5-08 | C63: 1 | D63: 5 | E63: Moon Shield | F63: 3 | G63: Permanent | H63: Shield | M63: Double your total Defense dice.
A64: Arcadia Quest | B64: 5-09 | C64: 1 | D64: 5 | E64: Last Stand | F64: 1 | G64: Permanent | H64: Bling | J64: X | M64: X= Total Wounds on this Hero.
A65: Arcadia Quest | B65: 5-10 | C65: 1 | D65: 5 | E65: Heart of the Dragon | F65: 2 | G65: Permanent | H65: Bling | K65: 2 | M65: Each Crit on this Hero's Defense roll adds one extra save.
A66: Arcadia Quest | B66: 5-11 | C66: 1 | D66: 5 | E66: Amulet of Rawr! | F66: 7 | G66: Permanent | H66: Bling | M66: +2 dice on Attack rolls.
A67: Arcadia Quest | B67: 5-12 | C67: 1 | D67: 5 | E67: Soulseeker | F67: 0 | G67: Permanent | H67: Gear | M67: Each Crit on a Bow attack deals one extra hit.
A68: Arcadia Quest | B68: 5-13 | C68: 1 | D68: 5 | E68: Apocalypse Crown | F68: 3 | G68: Permanent | H68: Bling | M68: At the start of your activation, you may deal 1 Wound to any Close Enemies.
A69: Inferno | B69: INF2-08 | C69: 2 | D69: 2 | E69: Nasty Pendant | F69: 4 | G69: Boost | H69: Bling | M69: +2 dice to one attack card. To use this, the Hero takes 1 Wound.
A70: Arcadia Quest | B70: 4-08 | C70: 2 | D70: 4 | E70: Moon Ring II | F70: 3 | G70: Boost | H70: Bling | M70: +2 dice to one Attack card.
A71: Arcadia Quest | B71: 5-16 | C71: 1 | D71: 5 | E71: Genesis Glass II | F71: 6 | G71: Permanent | H71: Bling | M71: At the start of your turn, this Hero heals 2 Wounds.
A72: Beyond the Grave | B72: BG1-01 | C72: 2 | D72: 1 | E72: Last Grim | F72: 4 | G72: Melee Attack | H72: Lance | I72: 3 | M72: May target an additional Enemy Close to this Hero.
A73: Beyond the Grave | B73: BG1-02 | C73: 2 | D73: 1 | E73: Holy Nova | F73: 4 | G73: Melee Attack | H73: Magic | I73: 3 | M73: If you deal any Wounds, the target and an additional Enemy close to you are Dazed.
A74: Arcadia Quest | B74: 2-10 | C74: 2 | D74: 2 | E74: Blazing Shot | F74: 4 | G74: Boost | H74: Gear | M74: +2 dice to a Bow attack. This Hero takes 1 Wound.
A75: Beyond the Grave | B75: BG2-01 | C75: 2 | D75: 2 | E75: Sorrow | F75: 3 | G75: Melee Attack | H75: Sword | I75: 4 | J75: 1 | L75: 1 | M75: +1 attack die per Death token on this Hero.
A76: Beyond the Grave | B76: BG2-02 | C76: 2 | D76: 2 | E76: Rune Ring | F76: 2 | G76: Permanent | H76: Bling | L76: 1 | M76: Add an extra +1 Reroll per Death token on this Hero.
A77: Beyond the Grave | B77: BG2-03 | C77: 1 | D77: 2 | E77: Fortune Dice | F77: 0 | G77: Permanent | H77: Bling | M77: Before you roll, predict how many hits or saves you will get. If you can get that many exactly, double the result.
A78: Beyond the Grave | B78: BG2-04 | C78: 1 | D78: 2 | E78: Boneguard | F78: 4 | G78: Permanent | H78: Armor | J78: 1 | K78: 1 | M78: Limit 1 armor per Hero. Cancels one Wound per Death token on the attacker.
A79: Beyond the Grave | B79: BG3-01 | C79: 2 | D79: 3 | E79: Throwing Axe | F79: 2 | G79: Ranged Attack | H79: Thrown Weapon | I79: 3 | M79: Each Crit deals one additional hit.
A80: Beyond the Grave | B80: BG3-02 | C80: 2 | D80: 3 | E80: Summoning | F80: 4 | G80: Ranged Attack | H80: Magic | I80: 3 | M80: If this rolls any Crit, take the first Monster from the Spawn tile, place it Close to your target and have it attack him.
A81: Beyond the Grave | B81: BG3-03 | C81: 2 | D81: 3 | E81: Impale | F81: 4 | G81: Permanent | H81: Ability | M81: If you roll any Crit on a Sword or Lance attack, you may target one additional Enemy Close to the target.
A82: Beyond the Grave | B82: BG4-01 | C82: 1 | D82: 4 | E82: Skull Mace | F82: 3 | G82: Melee Attack | H82: Hammer | I82: 5 | M82: If this deals any Wounds, choose and exhaust one of the target's cards.
A83: Beyond the Grave | B83: BG4-02 | C83: 2 | D83: 4 | E83: Banish | F83: 5 | G83: Ranged Attack | H83: Magic | I83: 5 | M83: Place the target in the Spawn tile unless he takes 2 extra Wounds (banishment does not count as a kill).
A84: Beyond the Grave | B84: BG4-03 | C84: 1 | D84: 4 | E84: Rabbit's Foot | F84: 2 | G84: Permanent | H84: Bling | M84: Exhaust your Hero card to roll again from scratch either your attack or an attack made against you.
A85: Arcadia Quest | B85: 2-13 | C85: 2 | D85: 2 | E85: Crushing Gauntlet | F85: 3 | G85: Boost | H85: Gear | M85: +2 dice to a non-Magic Melee attack. This Hero takes 1 Wound.
A86: Beyond the Grave | B86: BG4-05 | C86: 1 | D86: 4 | E86: Holy Nova II | F86: 4 | G86: Melee Attack | H86: Magic | I86: 4 | M86: If this attack deals any Wounds, your target and all Enemies Close to you are Dazed.
A87: Beyond the Grave | B87: BG5-01 | C87: 2 | D87: 5 | E87: Hunter Crossbow | F87: 4 | G87: Ranged Attack | H87: Bow | I87: 5 | M87: Only Crit on the Defense roll score saves against this attack. +1 die against Monsters
A88: Beyond the Grave | B88: BG5-02 | C88: 2 | D88: 5 | E88: Wither | F88: 7 | G88: Ranged Attack | H88: Magic | I88: 4 | M88: If this rolls any Crit, place your Guild token on the target's figure. At the start of each of your turns, the target suffers a Wound (Rest removes this).
A89: Beyond the Grave | B89: BG5-03 | C89: 1 | D89: 5 | E89: Warding Signet | F89: 1 | G89: Permanent | H89: Bling | M89: Any Monster moving into a Space Close to this Hero suffers 1 Wound.
A90: Beyond the Grave | B90: BG5-04 | C90: 1 | D90: 5 | E90: Impale II | F90: 2 | G90: Permanent | H90: Ability | M90: For each Crit you roll on a Sword or Lance attack, you may target one additional Enemy Close to the target.
A91: Beyond the Grave | B91: BGE-HB | C91: 2 | D91: Reward | E91: Spinal Tap | G91: Ranged Attack | H91: Bow | I91: 3 | M91: +2 dice if the target has any Death tokens.
A92: Beyond the Grave | B92: BGR-BD | C92: 1 | D92: Reward | E92: Power Harness | G92: Permanent | H92: Armor | J92: 1 | K92: 2 | M92: Limit 1 armor per Hero. This Hero can exhaust each card one extra time.
A93: Beyond the Grave | B93: BGR-BS | C93: 2 | D93: Reward | E93: Holy Water | G93: Ranged Attack | H93: Magic | I93: 4 | M93: If attacking a Minion, each Crit rolled immediately deals an extra Wound.
A94: Beyond the Grave | B94: BGR-CR | C94: 2 | D94: Reward | E94: Soulstone | G94: Permanent | H94: Bling | M94: If this Hero would be killed when his Hero card is unexhausted, he may exhaust it to stay alive, with 2 Wounds less than his total Life.
A95: Beyond the Grave | B95: BGR-MS | C95: 2 | D95: Reward | E95: Skull Helm | G95: Permanent | H95: Gear | J95: 2 | L95: 3 | M95: If this Hero has Boneguard, cancel 1 Wound per attack.
A96: Beyond the Grave | B96: BGR-SH | C96: 2 | D96: Reward | E96: Flaming Chain | G96: Melee Attack | H96: Exotic | I96: 3 | M96: If this rolls any Crit, place your Guild token on the target's figure. At the start of each of your turns, the target suffers a Wound (Rest removes this).
A97: Beyond the Grave | B97: BGR-SL | C97: 2 | D97: Reward | E97: Hulking Serum | G97: Boost | H97: Gear | M97: Double the Attack dice of a non-Magic attack card.
A98: Beyond the Grave | B98: BGR-TG | C98: 1 | D98: Reward | E98: Tombstone Shield | G98: Permanent | H98: Shield | J98: 2 | L98: 1 | M98: And an extra +1 Defense per Death token on this Hero.
A99: Beyond the Grave | B99: BGS-01 | C99: 4 | D99: Starting | E99: Sickle | G99: Melee Attack | H99: Axe | I99: 2 | L99: 1
A100: Chaos Dragon | B100: CHD6-01 | C100: 2 | D100: 6 | E100: Headsplitter | F100: 4 | G100: Melee Attack | H100: Axe | I100: 6 | M100: Each Crit deals 2 additional Hits.
...

Sheet Quests
A1: Set | B1: Quest | C1: Description
A2: Arcadia Quest | B2: Aid the Resistance | C2: Escort the Blue or Orange Quest token to the indicated area.
A3: Arcadia Quest | B3: Close the Gate | C3: Step on Red or Green to help close the gate (remove 1 Spawn point).
A4: Arcadia Quest | B4: Destroy One Stone | C4: Collect 1 Quest token.
A5: Arcadia Quest | B5: Find the Lost Weapons | C5: Collect 1 Quest token.
A6: Arcadia Quest | B6: Find the Tomes | C6: Collect 2 Quest tokens.
A7: Arcadia Quest | B7: Kill 3 Monsters | C7: Kill any 3 Monsters.
A8: Arcadia Quest | B8: Kill Blue | C8: Kill one Hero from opposing Blue Guild.
A9: Arcadia Quest | B9: Kill Green | C9: Kill one Hero from opposing Green Guild.
A10: Arcadia Quest | B10: Kill Hammer Beastman | C10: Kill a Hammer Beastman.
A11: Arcadia Quest | B11: Kill Lord Fang | C11: Kill Lord Fang.
A12: Arcadia Quest | B12: Kill one Sister | C12: Kill either a Sister of Pain or a Sister of Pleasure.
... A105: Whole Lotta Lava | B105: Stop the Eruption | C105: Have 2 Heroes at the same time at the designated area of the map.

Sheet Death Curses
A1: Set | B1: Number | C1: Qty | D1: Value | E1: Name | F1: Description
A2: Arcadia Quest | B2: D-00 | C2: 10 | D2: 0 | E2: No Curse | F2: Nothing happens, discard this card.
A3: Arcadia Quest | B3: D-01 | C3: 1 | D3: 1 | E3: Aquaphobia | F3: This Hero cannot use Potion tokens.
A4: Arcadia Quest | B4: D-02 | C4: 4 | D4: 2 | E4: System Shock | F4: Occupies a card slot. No other card effect.
A5: Arcadia Quest | B5: D-03 | C5: 2 | D5: 3 | E5: Nosebleed | F5: -1 Life
A6: Arcadia Quest | B6: D-04 | C6: 3 | D6: 4 | E6: Amnesia | F6: Place on Hero card. This Hero loses his Natural Ability.
A7: Arcadia Quest | B7: D-05 | C7: 2 | D7: 5 | E7: Severe Nosebleed | F7: Occupies a card slot. -1 Life
A8: Arcadia Quest | B8: D-06 | C8: 1 | D8: 6 | E8: Accident Prone | F8: This Hero suffers 1 Wound if his attack deals no Wounds.
A9: Arcadia Quest | B9: D-07 | C9: 1 | D9: 7 | E9: Dazed and Confused | F9: If this Hero suffers at least 1 Wound, he is Dazed.
A10: Inferno | B10: INFD-00 | C10: 10 | D10: 0 | E10: No Curse | F10: Nothing happens, discard this card.
A11: Inferno | B11: INFD-01 | C11: 3 | D11: 1 | E11: Damned | F11: 1 Damnation
A12: Inferno | B12: INFD-02 | C12: 2 | D12: 2 | E12: System Shock | F12: Occupies a card slot. No other card effect.
A13: Inferno | B13: INFD-03 | C13: 3 | D13: 3 | E13: Sinful | F13: Each time this Hero gains any number of Damnation, he gets 1 additional Damnation.
... A17: Inferno | B17: INFD-07 | C17: 1 | D17: 7 | E17: Eternally Damned | F17: Occupies a Card slot. 3 Damnation

Sheet Stone Cards
A1: Set | B1: Number | C1: Qty | D1: Name | E1: Type | F1: Description
A2: Beyond the Grave | B2: TS-01 | C2: 2 | D2: Minion on the Prowl | E2: Tombstone | F2: Activate a Minor Minion, performing its movement and/or attack against any Hero of your choice.
A3: Beyond the Grave | B3: TS-02 | C3: 2 | D3: Minion on the Prowl | E3: Tombstone | F3: Activate a Minion of any type, performing its movement and/or attack against any Hero of your choice.
A4: Beyond the Grave | B4: TS-03 | C4: 1 | D4: Villain on the Prowl | E4: Tombstone | F4: Activate a Minor Villain or a Minion of any type, performing its movement and/or attack against any Hero of your choice.
A5: Beyond the Grave | B5: TS-04 | C5: 1 | D5: Villain on the Prowl | E5: Tombstone | F5: Activate a Villain or Minion of any type, performing its movement and/or attack against any Hero of your choice.
A6: Beyond the Grave | B6: TS-05 | C6: 1 | D6: Banishment | E6: Tombstone | F6: Take any Minor Minion from the board and place it in the Spawn tile. (This does not count as a kill.)
A7: Beyond the Grave | B7: TS-06 | C7: 1 | D7: Reckoning | E7: Tombstone | F7: All Enemy Heroes whose figure is currently place on its Hero Card receives 1 extra Death token.
A8: Beyond the Grave | B8: TS-07 | C8: 1 | D8: Mounting Dread | E8: Tombstone | F8: All other players must exhaust one Attack card from one of their living Heroes.
A9: Beyond the Grave | B9: TS-08 | C9: 1 | D9: Ray of Hope | E9: Tombstone | F9: All Heroes in your Guild may heal 1 Wound and you may remove 1 Death Curse from a Hero.
A10: Beyond the Grave | B10: TS-09 | C10: 1 | D10: Acid Rain | E10: Tombstone | F10: All Enemy Heroes that are in an outdoor Space suffer 1 Wound.
A11: Beyond the Grave | B11: TS-10 | C11: 1 | D11: Just a Flesh Wound | E11: Tombstone | F11: Select any 2 Monsters and heal 2 Wounds from each.
A12: Beyond the Grave | B12: TS-11 | C12: 1 | D12: Hidden Stash | E12: Tombstone | F12: Draw a card from the last Upgrade Deck that was accessed and give it to any of your Heroes.
A13: Beyond the Grave | B13: TS-12 | C13: 1 | D13: Wake the Dead | E13: Tombstone | F13: The first Monster from the Spawn tile is placed in this Space and immediately attacks the active Hero (if the Space is Full, place it in a Close Space).
... A41: Poison Dragon | B41: PO-DS-04 | C41: 2 | D41: Noxious Fog | E41: Dragonstone | F41: All Outdoor Enemy Heroes take 1 Poison token.

Sheet Heroes
A1: Set | B1: Name | C1: DEF | D1: HP | E1: Ability Name | F1: Ability Description
A2: 2017 GenCon | B2: Princess Pearl | C2: 2 | D2: 3 | F2: Exhaust hero to un-exhaust a hero in line of sight.
A3: Arcadia Quest | B3: Diva | C3: 4 | D3: 4 | E3: Tough as Nails | F3: (No ability)
A4: Arcadia Quest | B4: Greensleeves | C4: 2 | D4: 4 | E4: Bow Mastery | F4: When attacking with a Bow attack card, each Crit deals one additional hit.
A5: Arcadia Quest | B5: Grom | C5: 1 | D5: 5 | E5: Berserk | F5: Roll +1 die in all rolls while wounded.
A6: Arcadia Quest | B6: Hobsbawm | C6: 2 | D6: 4 | E6: Blessing | F6: If he uses a Magic attack card and does not perform his Movement, you may activate another Ally within Line of Sight.
A7: Arcadia Quest | B7: Johan | C7: 3 | D7: 3 | E7: Blade Throw | F7: May use Sword attack cards as Ranged attack cards (you still need Melee icons to hit).
A8: Arcadia Quest | B8: Kanga | C8: 2 | D8: 4 | E8: Self-Sacrifice | F8: May take a Wound instead of exhausting a card.
A9: Arcadia Quest | B9: Maya | C9: 1 | D9: 5 | E9: Mana Mastery | F9: May exhaust each Magic attack card twice.
A10: Arcadia Quest | B10: Scarlet | C10: 3 | D10: 3 | E10: Backstab | F10: Roll +1 die when attacking a flanked target (a target with at least one other Enemy Close to it).
A11: Arcadia Quest | B11: Seth | C11: 2 | D11: 3 | E11: Piercing Magic | F11: When attacking with a Magic card, the target does not roll Defense dice.
A12: Arcadia Quest | B12: Spike | C12: 2 | D12: 3 | E12: Vengeance | F12: Each Crit on his Defense roll deals 1 Wound to the attacker.
A13: Arcadia Quest | B13: Wisp | C13: 2 | D13: 3 | E13: Stealth | F13: When moving, does not trigger Guard Reaction.
A14: Arcadia Quest | B14: Zazu | C14: 2 | D14: 4 | E14: Opportunist | F14: Does not exhaust an attack card when attacking a flanked target (a target with at least one other Enemy Close to it).
... A145: Usagi Yojimbo Hero Pack | B145: Kitsune | C145: 3 | D145: 3 | E145: Pick Pocket | F145: When Kitsune kills an enemy Hero, she gains 2 additional coins per Quest that the targeted Hero's Guild has accomplished.

Sheet Monsters
A1: Set | B1: Name | C1: Type | D1: Level | E1: Life | F1: Overkill | G1: Defense | H1: Re-roll | I1: Coins | J1: Move | K1: Attack Type | L1: Attack | M1: Attack Name | N1: Ability
A2: Arcadia Quest | B2: Goblin Archer | C2: Minor Minion | D2: 1 | E2: 1 | F2: 2 | I2: 1 | J2: 1 | K2: Ranged | L2: 2 | M2: Arrow to the Knee
A3: Arcadia Quest | B3: Goblin Archer | C3: Minor Minion | D3: 2-3 | E3: 2 | F3: 3 | I3: 1 | J3: 1 | K3: Ranged | L3: 2 | M3: Arrow to the Knee
A4: Arcadia Quest | B4: Goblin Archer | C4: Minor Minion | D4: 4-5 | E4: 3 | F4: 4 | I4: 1 | J4: 1 | K4: Ranged | L4: 3 | M4: Arrow to the Knee
A5: Arcadia Quest | B5: Goblin Archer | C5: Minor Minion | D5: 6 | E5: 4 | F5: 5 | I5: 1 | J5: 1 | K5: Ranged | L5: 3 | M5: Arrow to the Knee
A6: Arcadia Quest | B6: Orc Marauder | C6: Minor Minion | D6: 1 | E6: 2 | F6: 3 | I6: 1 | J6: 1 | K6: Melee | L6: 3 | M6: Hack n' Slash
A7: Arcadia Quest | B7: Orc Marauder | C7: Minor Minion | D7: 2-3 | E7: 3 | F7: 4 | I7: 1 | J7: 1 | K7: Melee | L7: 3 | M7: Hack n' Slash
A8: Arcadia Quest | B8: Orc Marauder | C8: Minor Minion | D8: 4-5 | E8: 4 | F8: 5 | I8: 1 | J8: 1 | K8: Melee | L8: 4 | M8: Hack n' Slash
A9: Arcadia Quest | B9: Orc Marauder | C9: Minor Minion | D9: 6 | E9: 5 | F9: 6 | I9: 1 | J9: 1 | K9: Melee | L9: 4 | M9: Hack n' Slash
A10: Arcadia Quest | B10: Orc Captain | C10: Minor Minion | D10: 1 | E10: 2 | F10: 4 | H10: 1 | I10: 2 | J10: 1 | K10: Melee | L10: 3 | M10: Hack n' Slash
A11: Arcadia Quest | B11: Orc Captain | C11: Minor Minion | D11: 2-3 | E11: 3 | F11: 5 | H11: 1 | I11: 2 | J11: 1 | K11: Melee | L11: 3 | M11: Hack n' Slash
A12: Arcadia Quest | B12: Orc Captain | C12: Minor Minion | D12: 4-5 | E12: 4 | F12: 6 | H12: 2 | I12: 2 | J12: 1 | K12: Melee | L12: 4 | M12: Hack n' Slash
A13: Arcadia Quest | B13: Orc Captain | C13: Minor Minion | D13: 6 | E13: 5 | F13: 7 | H13: 2 | I13: 2 | J13: 1 | K13: Melee | L13: 4 | M13: Hack n' Slash
A14: Arcadia Quest | B14: Spear Beastman | C14: Major Minion | D14: 1 | E14: 3 | F14: 5 | I14: 2 | J14: 1 | K14: Ranged | L14: 3 | M14: Javelin Throw | N14: Rolls +1 die if Close to any Monsters.
A15: Arcadia Quest | B15: Spear Beastman | C15: Major Minion | D15: 2-3 | E15: 4 | F15: 6 | I15: 2 | J15: 1 | K15: Ranged | L15: 3 | M15: Javelin Throw | N15: Rolls +1 die if Close to any Monsters.
A16: Arcadia Quest | B16: Spear Beastman | C16: Major Minion | D16: 4-5 | E16: 5 | F16: 7 | I16: 2 | J16: 1 | K16: Ranged | L16: 4 | M16: Javelin Throw | N16: Rolls +1 die if Close to any Monsters.
A17: Arcadia Quest | B17: Spear Beastman | C17: Major Minion | D17: 6 | E17: 7 | F17: 7 | I17: 2 | J17: 1 | K17: Ranged | L17: 4 | M17: Javelin Throw | N17: Rolls +1 die if Close to any Monsters.
A18: Arcadia Quest | B18: Hammer Beastman | C18: Major Minion | D18: 1 | E18: 3 | F18: 5 | I18: 2 | J18: 1 | K18: Melee | L18: 4 | M18: Hammer Time! | N18: If he deals a Wound, the target is Dazed.
A19: Arcadia Quest | B19: Hammer Beastman | C19: Major Minion | D19: 2-3 | E19: 4 | F19: 6 | I19: 2 | J19: 1 | K19: Melee | L19: 4 | M19: Hammer Time! | N19: If he deals a Wound, the target is Dazed.
A20: Arcadia Quest | B20: Hammer Beastman | C20: Major Minion | D20: 4-5 | E20: 5 | F20: 7 | I20: 2 | J20: 1 | K20: Melee | L20: 5 | M20: Hammer Time! | N20: If he deals a Wound, the target is Dazed.
A21: Arcadia Quest | B21: Hammer Beastman | C21: Major Minion | D21: 6 | E21: 7 | F21: 7 | I21: 2 | J21: 1 | K21: Melee | L21: 5 | M21: Hammer Time! | N21: If he deals a Wound, the target is Dazed.
A22: Arcadia Quest | B22: Minotaur | C22: Minor Villain | D22: 1 | E22: 5 | F22: 6 | G22: 1 | I22: 3 | J22: 2 | K22: Melee | L22: 4 | M22: Gouge | N22: Each Crit deals one additional hit.
A23: Arcadia Quest | B23: Minotaur | C23: Minor Villain | D23: 2-3 | E23: 6 | F23: 7 | G23: 1 | I23: 3 | J23: 2 | K23: Melee | L23: 4 | M23: Gouge | N23: Each Crit deals one additional hit.
A24: Arcadia Quest | B24: Minotaur | C24: Minor Villain | D24: 4-5 | E24: 7 | F24: 9 | G24: 2 | I24: 3 | J24: 2 | K24: Melee | L24: 5 | M24: Gouge | N24: Each Crit deals one additional hit.
A25: Arcadia Quest | B25: Minotaur | C25: Minor Villain | D25: 6 | E25: 8 | F25: 9 | G25: 2 | I25: 3 | J25: 2 | K25: Melee | L25: 5 | M25: Gouge | N25: Each Crit deals one additional hit.
A26: Arcadia Quest | B26: Troll | C26: Minor Villain | D26: 1 | E26: 4 | F26: 6 | G26: 2 | I26: 3 | J26: 2 | K26: Melee | L26: 4 | M26: Crush your Heads! | N26: Targets all Close Heroes.
A27: Arcadia Quest | B27: Troll | C27: Minor Villain | D27: 2-3 | E27: 5 | F27: 7 | G27: 2 | I27: 3 | J27: 2 | K27: Melee | L27: 4 | M27: Crush your Heads! | N27: Targets all Close Heroes.
A28: Arcadia Quest | B28: Troll | C28: Minor Villain | D28: 4-5 | E28: 6 | F28: 8 | G28: 3 | I28: 3 | J28: 2 | K28: Melee | L28: 5 | M28: Crush your Heads! | N28: Targets all Close Heroes.
A29: Arcadia Quest | B29: Troll | C29: Minor Villain | D29: 6 | E29: 8 | F29: 8 | G29: 3 | I29: 3 | J29: 2 | K29: Melee | L29: 5 | M29: Crush your Heads! | N29: Targets all Close Heroes.
A30: Arcadia Quest | B30: Sister of Pleasure | C30: Major Minion | D30: 1 | E30: 3 | F30: 5 | I30: 2 | J30: 1 | K30: Ranged | L30: 3 | M30: Siphon | N30: When attacking, each Crit heals 2 Wounds.
A31: Arcadia Quest | B31: Sister of Pleasure | C31: Major Minion | D31: 2-3 | E31: 4 | F31: 6 | I31: 2 | J31: 1 | K31: Ranged | L31: 4 | M31: Siphon | N31: When attacking, each Crit heals 2 Wounds.
A32: Arcadia Quest | B32: Sister of Pleasure | C32: Major Minion | D32: 4-5 | E32: 5 | F32: 7 | I32: 2 | J32: 1 | K32: Ranged | L32: 4 | M32: Siphon | N32: When attacking, each Crit heals 2 Wounds.
A33: Arcadia Quest | B33: Sister of Pleasure | C33: Major Minion | D33: 6 | E33: 7 | F33: 8 | I33: 2 | J33: 1 | K33: Ranged | L33: 5 | M33: Siphon | N33: When attacking, each Crit heals 2 Wounds.
A34: Arcadia Quest | B34: Sister of Pain | C34: Major Minion | D34: 1 | E34: 3 | F34: 5 | I34: 2 | J34: 1 | K34: Melee | L34: 3 | M34: Wail of Agony | N34: When attacking, each Crit exhausts one of the target's attack cards.
A35: Arcadia Quest | B35: Sister of Pain | C35: Major Minion | D35: 2-3 | E35: 4 | F35: 6 | I35: 2 | J35: 1 | K35: Melee | L35: 4 | M35: Wail of Agony | N35: When attacking, each Crit exhausts one of the target's attack cards.
A36: Arcadia Quest | B36: Sister of Pain | C36: Major Minion | D36: 4-5 | E36: 5 | F36: 7 | I36: 2 | J36: 1 | K36: Melee | L36: 4 | M36: Wail of Agony | N36: When attacking, each Crit exhausts one of the target's attack cards.
A37: Arcadia Quest | B37: Sister of Pain | C37: Major Minion | D37: 6 | E37: 7 | F37: 8 | I37: 2 | J37: 1 | K37: Melee | L37: 5 | M37: Wail of Agony | N37: When attacking, each Crit exhausts one of the target's attack cards.
A38: Arcadia Quest | B38: Lord Fang | C38: Major Villain | D38: 1 | E38: 5 | F38: 7 | I38: 3 | J38: 1 | K38: Ranged | L38: 4 | M38: Blood Bath | N38: May also target any number of Enemies Close to the target.
A39: Arcadia Quest | B39: Lord Fang | C39: Major Villain | D39: 2-3 | E39: 7 | F39: 8 | I39: 3 | J39: 1 | K39: Ranged | L39: 4 | M39: Blood Bath | N39: May also target any number of Enemies Close to the target.
A40: Arcadia Quest | B40: Lord Fang | C40: Major Villain | D40: 4-5 | E40: 8 | F40: 9 | G40: 2 | I40: 3 | J40: 1 | K40: Ranged | L40: 5 | M40: Blood Bath | N40: May also target any number of Enemies Close to the target.
A41: Arcadia Quest | B41: Lord Fang | C41: Major Villain | D41: 6 | E41: 13 | G41: 4 | I41: 4 | J41: 1 | K41: Ranged | L41: 5 | M41: Blood Bath | N41: May also target any number of Enemies Close to the target. When attacking, each Crit heals 2 wounds.
A42: Arcadia Quest | B42: Schmetterling! | C42: Minor Villain | E42: 5 | F42: 7 | G42: 3 | H42: 2 | I42: 3 | J42: 2 | K42: Melee | L42: 4 | M42: Crush your Heads! | N42: Targets all Close Heroes.
A43: Arcadia Quest | B43: Bulroarer | C43: Minor Villain | E43: 6 | F43: 7 | G43: 2 | H43: 2 | I43: 3 | J43: 2 | K43: Melee | L43: 4 | M43: Gouge | N43: Each Crit deals one additional hit.
A44: Arcadia Quest KS | B44: Chooloo | C44: Major Villain | D44: 1 | E44: 4 | F44: 5 | G44: 2 | I44: 3 | J44: 1 | K44: Ranged | L44: 4 | M44: Madness | N44: Any Hero activating within Line of Sight of him suffers 1 Wound.
A45: Arcadia Quest KS | B45: Chooloo | C45: Major Villain | D45: 2-3 | E45: 5 | F45: 6 | G45: 3 | I45: 3 | J45: 1 | K45: Ranged | L45: 4 | M45: Madness | N45: Any Hero activating within Line of Sight of him suffers 1 Wound.
A46: Arcadia Quest KS | B46: Chooloo | C46: Major Villain | D46: 4-5 | E46: 7 | F46: 8 | G46: 4 | I46: 3 | J46: 1 | K46: Ranged | L46: 5 | M46: Madness | N46: Any Hero activating within Line of Sight of him suffers 1 Wound.
A47: Arcadia Quest KS | B47: Chooloo | C47: Major Villain | D47: 6 | E47: 9 | G47: 5 | I47: 4 | J47: 1 | K47: Ranged | L47: 5 | M47: Madness | N47: Any Hero activating within Line of Sight of him suffers 1 Wound.
A48: Beyond the Grave | B48: Axe Flinger Zombie | C48: Minor Minion | D48: 1 | F48: 2 | I48: 1 | J48: 1 | K48: Ranged | L48: 2 | M48: Flying Axe | N48: Instantly discards all Wounds unless he's Overkilled.
A49: Beyond the Grave | B49: Axe Flinger Zombie | C49: Minor Minion | D49: 2-3 | F49: 3 | I49: 1 | J49: 1 | K49: Ranged | L49: 2 | M49: Flying Axe | N49: Instantly discards all Wounds unless he's Overkilled.
A50: Beyond the Grave | B50: Axe Flinger Zombie | C50: Minor Minion | D50: 4-5 | F50: 4 | I50: 1 | J50: 1 | K50: Ranged | L50: 3 | M50: Flying Axe | N50: Instantly discards all Wounds unless he's Overkilled.
A51: Beyond the Grave | B51: Axe Flinger Zombie | C51: Minor Minion | D51: 6 | F51: 4 | I51: 1 | J51: 1 | K51: Ranged | L51: 4 | M51: Flying Axe | N51: Instantly discards all Wounds unless he's Overkilled.
A52: Beyond the Grave | B52: Slasher Zombie | C52: Minor Minion | D52: 1 | F52: 2 | I52: 1 | J52: 1 | K52: Melee | L52: 2 | M52: Slash | N52: Instantly discards all Wounds unless he's Overkilled.
A53: Beyond the Grave | B53: Slasher Zombie | C53: Minor Minion | D53: 2-3 | F53: 3 | I53: 1 | J53: 1 | K53: Melee | L53: 2 | M53: Slash | N53: Instantly discards all Wounds unless he's Overkilled.
A54: Beyond the Grave | B54: Slasher Zombie | C54: Minor Minion | D54: 4-5 | F54: 4 | I54: 1 | J54: 1 | K54: Melee | L54: 3 | M54: Slash | N54: Instantly discards all Wounds unless he's Overkilled.
A55: Beyond the Grave | B55: Slasher Zombie | C55: Minor Minion | D55: 6 | F55: 4 | I55: 1 | J55: 1 | K55: Melee | L55: 4 | M55: Slash | N55: Instantly discards all Wounds unless he's Overkilled.
A56: Beyond the Grave | B56: Skelebone | C56: Minor Minion | D56: 1 | E56: 2 | F56: 5 | G56: 1 | I56: 1 | J56: 1 | K56: Melee | L56: 3 | M56: Bone Stab
A57: Beyond the Grave | B57: Skelebone | C57: Minor Minion | D57: 2-3 | E57: 3 | F57: 5 | G57: 1 | I57: 1 | J57: 1 | K57: Melee | L57: 3 | M57: Bone Stab
A58: Beyond the Grave | B58: Skelebone | C58: Minor Minion | D58: 4-5 | E58: 4 | F58: 5 | G58: 2 | I58: 1 | J58: 1 | K58: Melee | L58: 4 | M58: Bone Stab
A59: Beyond the Grave | B59: Skelebone | C59: Minor Minion | D59: 6 | E59: 5 | F59: 5 | G59: 2 | I59: 1 | J59: 1 | K59: Melee | L59: 4 | M59: Bone Stab
A60: Beyond the Grave | B60: Ghost | C60: Major Minion | D60: 1 | E60: 4 | F60: 3 | I60: 2 | J60: 3 | K60: Melee | L60: 3 | M60: Ghostly Poke | N60: Ignores all blocking elements for movement, attacks and Guard Reaction triggered by a move.
A61: Beyond the Grave | B61: Ghost | C61: Major Minion | D61: 2-3 | E61: 5 | F61: 4 | I61: 2 | J61: 3 | K61: Melee | L61: 3 | M61: Ghostly Poke | N61: Ignores all blocking elements for movement, attacks and Guard Reaction triggered by a move.
A62: Beyond the Grave | B62: Ghost | C62: Major Minion | D62: 4-5 | E62: 6 | F62: 5 | I62: 2 | J62: 3 | K62: Melee | L62: 4 | M62: Ghostly Poke | N62: Ignores all blocking elements for movement, attacks and Guard Reaction triggered by a move.
A63: Beyond the Grave | B63: Ghost | C63: Major Minion | D63: 6 | E63: 8 | F63: 6 | I63: 2 | J63: 3 | K63: Melee | L63: 4 | M63: Ghostly Poke | N63: Ignores all blocking elements for movement, attacks and Guard Reaction triggered by a move.
A64: Beyond the Grave | B64: Necromancer | C64: Major Minion | D64: 1 | E64: 3 | F64: 4 | I64: 2 | J64: 2 | K64: Ranged | L64: 3 | M64: Dance of the Dead | N64: If he rolls any Crit, the first Monster from the Spawn tile is placed Close to the target and any one Minor Minion performs a Payback Reaction against the target.
A65: Beyond the Grave | B65: Necromancer | C65: Major Minion | D65: 2-3 | E65: 4 | F65: 5 | I65: 2 | J65: 2 | K65: Ranged | L65: 3 | M65: Dance of the Dead | N65: If he rolls any Crit, the first Monster from the Spawn tile is placed Close to the target and any one Minor Minion performs a Payback Reaction against the target.
A66: Beyond the Grave | B66: Necromancer | C66: Major Minion | D66: 4-5 | E66: 5 | F66: 6 | I66: 2 | J66: 2 | K66: Ranged | L66: 4 | M66: Dance of the Dead | N66: If he rolls any Crit, the first Monster from the Spawn tile is placed Close to the target and any one Minor Minion performs a Payback Reaction against the target.
A67: Beyond the Grave | B67: Necromancer | C67: Major Minion | D67: 6 | E67: 6 | F67: 7 | I67: 2 | J67: 2 | K67: Ranged | L67: 4 | M67: Dance of the Dead | N67: If he rolls any Crit, the first Monster from the Spawn tile is placed Close to the target and any one Minor Minion performs a Payback Reaction against the target.
A68: Beyond the Grave | B68: Frank | C68: Minor Villain | D68: 1 | E68: 4 | F68: 5 | G68: 1 | I68: 3 | J68: 2 | K68: Melee | L68: 2 | M68: Smash! | N68: For each Wound token he has, he rolls +1 die in all rolls.
A69: Beyond the Grave | B69: Frank | C69: Minor Villain | D69: 2-3 | E69: 5 | F69: 6 | G69: 1 | I69: 3 | J69: 2 | K69: Melee | L69: 3 | M69: Smash! | N69: For each Wound token he has, he rolls +1 die in all rolls.
A70: Beyond the Grave | B70: Frank | C70: Minor Villain | D70: 4-5 | E70: 6 | F70: 7 | G70: 2 | I70: 3 | J70: 2 | K70: Melee | L70: 3 | M70: Smash! | N70: For each Wound token he has, he rolls +1 die in all rolls.
A71: Beyond the Grave | B71: Frank | C71: Minor Villain | D71: 6 | E71: 8 | F71: 8 | G71: 2 | I71: 3 | J71: 2 | K71: Melee | L71: 4 | M71: Smash! | N71: For each Wound token he has, he rolls +1 die in all rolls.
A72: Beyond the Grave | B72: Ivan | C72: Minor Villain | D72: 1 | E72: 3 | F72: 5 | G72: 2 | I72: 3 | J72: 2 | K72: Ranged | L72: 3 | M72: Brain Burner | N72: If his attack rolls any Crit, he ends the target's activation and controls a new activation of the target (who may not activate another Hero).
A73: Beyond the Grave | B73: Ivan | C73: Minor Villain | D73: 2-3 | E73: 4 | F73: 6 | G73: 2 | I73: 3 | J73: 2 | K73: Ranged | L73: 4 | M73: Brain Burner | N73: If his attack rolls any Crit, he ends the target's activation and controls a new activation of the target (who may not activate another Hero).
A74: Beyond the Grave | B74: Ivan | C74: Minor Villain | D74: 4-5 | E74: 5 | F74: 7 | G74: 3 | I74: 3 | J74: 2 | K74: Ranged | L74: 4 | M74: Brain Burner | N74: If his attack rolls any Crit, he ends the target's activation and controls a new activation of the target (who may not activate another Hero).
A75: Beyond the Grave | B75: Ivan | C75: Minor Villain | D75: 6 | E75: 7 | F75: 8 | G75: 3 | I75: 3 | J75: 2 | K75: Ranged | L75: 5 | M75: Brain Burner | N75: If his attack rolls any Crit, he ends the target's activation and controls a new activation of the target (who may not activate another Hero).
A76: Beyond the Grave | B76: Dr. Spider | C76: Major Villain | D76: 1 | E76: 4 | F76: 5 | G76: 1 | I76: 3 | J76: 2 | K76: Melee | L76: 3 | M76: Monster Maker | N76: If his attack rolls any Crit, place the target on the Spawn Tile, replacing it with any one Monster from the Spawn tile (if there's any).
A77: Beyond the Grave | B77: Dr. Spider | C77: Major Villain | D77: 2-3 | E77: 5 | F77: 6 | G77: 2 | I77: 3 | J77: 2 | K77: Melee | L77: 4 | M77: Monster Maker | N77: If his attack rolls any Crit, place the target on the Spawn Tile, replacing it with any one Monster from the Spawn tile (if there's any).
A78: Beyond the Grave | B78: Dr. Spider | C78: Major Villain | D78: 4-5 | E78: 7 | F78: 8 | G78: 3 | I78: 3 | J78: 2 | K78: Melee | L78: 4 | M78: Monster Maker | N78: If his attack rolls any Crit, place the target on the Spawn Tile, replacing it with any one Monster from the Spawn tile (if there's any).
A79: Beyond the Grave | B79: Dr. Spider | C79: Major Villain | D79: 6 | E79: 9 | F79: 9 | G79: 4 | I79: 3 | J79: 2 | K79: Melee | L79: 5 | M79: Monster Maker | N79: If his attack rolls any Crit, place the target on the Spawn Tile, replacing it with any one Monster from the Spawn tile (if there's any).
A80: Beyond the Grave | B80: Dread King | C80: Major Villain | D80: 1 | E80: 3 | F80: 4 | I80: 3 | J80: 2 | K80: Melee | L80: 4 | M80: Dreadnaught | N80: Only Crit score a hit against him. He Shoves Characters when moving, dealing 1 Wound to each Shoved Character.
A81: Beyond the Grave | B81: Dread King | C81: Major Villain | D81: 2-3 | E81: 4 | F81: 5 | I81: 3 | J81: 2 | K81: Melee | L81: 4 | M81: Dreadnaught | N81: Only Crit score a hit against him. He Shoves Characters when moving, dealing 1 Wound to each Shoved Character.
A82: Beyond the Grave | B82: Dread King | C82: Major Villain | D82: 4-5 | E82: 5 | F82: 6 | I82: 3 | J82: 2 | K82: Melee | L82: 5 | M82: Dreadnaught | N82: Only Crit score a hit against him. He Shoves Characters when moving, dealing 1 Wound to each Shoved Character.
A83: Beyond the Grave | B83: Dread King | C83: Major Villain | D83: 6 | E83: 7 | I83: 4 | J83: 2 | K83: Melee | L83: 6 | M83: Dreadnaught | N83: Only Crit score a hit against him. He Shoves Characters when moving, dealing 1 Wound to each Shoved Character.
A84: Inferno | B84: Demoness | C84: Minor Minion | D84: 1 | E84: 2 | F84: 4 | I84: 1 | J84: 2 | K84: Melee | L84: 3 | M84: Beguile | N84: The target Hero may replace 1 Wound he would take for 1 Damnation.
A85: Inferno | B85: Demoness | C85: Minor Minion | D85: 2-3 | E85: 3 | F85: 5 | I85: 1 | J85: 2 | K85: Melee | L85: 3 | M85: Beguile | N85: The target Hero may replace 1 Wound he would take for 1 Damnation.
A86: Inferno | B86: Demoness | C86: Minor Minion | D86: 4-5 | E86: 4 | F86: 6 | I86: 1 | J86: 2 | K86: Melee | L86: 4 | M86: Beguile | N86: The target Hero may replace 1 Wound he would take for 1 Damnation.
A87: Inferno | B87: Demoness | C87: Minor Minion | D87: 6 | E87: 5 | F87: 7 | I87: 1 | J87: 2 | K87: Melee | L87: 4 | M87: Beguile | N87: The target Hero may replace 1 Wound he would take for 1 Damnation.
A88: Inferno | B88: Harpy | C88: Minor Minion | D88: 1 | E88: 1 | F88: 2 | G88: X | I88: 1 | J88: 3 | K88: Ranged | L88: 2 | M88: Nimble | N88: Rolls +1 Defense die per Damnation on the attacker.
A89: Inferno | B89: Harpy | C89: Minor Minion | D89: 2-3 | E89: 2 | F89: 3 | G89: X | I89: 1 | J89: 3 | K89: Ranged | L89: 3 | M89: Nimble | N89: Rolls +1 Defense die per Damnation on the attacker.
A90: Inferno | B90: Harpy | C90: Minor Minion | D90: 4-5 | E90: 3 | F90: 4 | G90: X | I90: 1 | J90: 3 | K90: Ranged | L90: 3 | M90: Nimble | N90: Rolls +1 Defense die per Damnation on the attacker.
A91: Inferno | B91: Harpy | C91: Minor Minion | D91: 6 | E91: 4 | F91: 5 | G91: X | I91: 1 | J91: 3 | K91: Ranged | L91: 4 | M91: Nimble | N91: Rolls +1 Defense die per Damnation on the attacker.
A92: Inferno | B92: Cerberus | C92: Major Minion | D92: 1 | E92: 3 | F92: 5 | I92: 2 | J92: 2 | K92: Melee | L92: 2 | M92: Mauling | N92: May perform up to 3 separate consecutive attacks (at least the first must be against the primary target, otherwise he makes no attacks).
A93: Inferno | B93: Cerberus | C93: Major Minion | D93: 2-3 | E93: 4 | F93: 6 | I93: 2 | J93: 2 | K93: Melee | L93: 3 | M93: Mauling | N93: May perform up to 3 separate consecutive attacks (at least the first must be against the primary target, otherwise he makes no attacks).
A94: Inferno | B94: Cerberus | C94: Major Minion | D94: 4-5 | E94: 5 | F94: 7 | I94: 2 | J94: 2 | K94: Melee | L94: 3 | M94: Mauling | N94: May perform up to 3 separate consecutive attacks (at least the first must be against the primary target, otherwise he makes no attacks).
A95: Inferno | B95: Cerberus | C95: Major Minion | D95: 6 | E95: 7 | F95: 7 | I95: 2 | J95: 2 | K95: Melee | L95: 4 | M95: Mauling | N95: May perform up to 3 separate consecutive attacks (at least the first must be against the primary target, otherwise he makes no attacks).
A96: Inferno | B96: Demon Pitcher | C96: Major Minion | D96: 1 | E96: 3 | F96: 5 | I96: 2 | J96: 2 | K96: Ranged | L96: 3 | M96: Hellfire | N96: If his attack rolls any Hits, the target gets 2 Damnation.
A97: Inferno | B97: Demon Pitcher | C97: Major Minion | D97: 2-3 | E97: 4 | F97: 6 | I97: 2 | J97: 2 | K97: Ranged | L97: 4 | M97: Hellfire | N97: If his attack rolls any Hits, the target gets 2 Damnation.
A98: Inferno | B98: Demon Pitcher | C98: Major Minion | D98: 4-5 | E98: 5 | F98: 7 | I98: 2 | J98: 2 | K98: Ranged | L98: 4 | M98: Hellfire | N98: If his attack rolls any Hits, the target gets 2 Damnation.
A99: Inferno | B99: Demon Pitcher | C99: Major Minion | D99: 6 | E99: 7 | F99: 7 | I99: 2 | J99: 2 | K99: Ranged | L99: 5 | M99: Hellfire | N99: If his attack rolls any Hits, the target gets 2 Damnation.
A100: Inferno | B100: Bellya'al | C100: Minor Villain | D100: 1 | E100: 4 | F100: 6 | G100: 3 | I100: 3 | J100: 2 | K100: Melee | L100: 4 | M100: Jelly-Belly | N100: Ignores 1 Hit per Damnation on the attacker.
...

Sheet Pets
A1: Set | B1: Name | C1: Sub-title | D1: Level | E1: Defense | F1: Health | G1: Ability Name | H1: Ability Description
A2: Dice Tower Promo | B2: Chuck | D2: 1 | E2: 0 | F2: 2 | G2: Dicey Pet | H2: May store up to 3 unused non-CRIT dice rolled by close owners (lost if Chuck dies). Close Owners may move these stored results to their rolls.
A3: Dice Tower Promo | B3: Chuck | D3: 2 | E3: 0 | F3: 3 | G3: Dicey Pet | H3: May store up to 3 unused non-CRIT dice rolled by close owners (lost if Chuck dies). Close Owners may move these stored results to their rolls.
A4: Dice Tower Promo | B4: Chuck | D4: 3 | E4: 0 | F4: 3 | G4: Dicey Pet | H4: May store up to 4 unused non-CRIT dice rolled by close owners (lost if Chuck dies). Close Owners may move these stored results to their rolls.
A5: Inferno KS | B5: Scrag | C5: Mascot Pet | D5: 1 | E5: 2 | F5: 3 | G5: I Hate Pets! | H5: When Scrag ends his Movement, he deals 1 Wound to 1 Close Enemy Pet.
A6: Inferno KS | B6: Scrag | C6: Mascot Pet | D6: 2 | E6: 2 | F6: 2 | G6: I Hate Pets! | H6: When Scrag ends his Movement, he deals 1 Wound to 2 Close Enemy Pets.
A7: Inferno KS | B7: Scrag | C7: Mascot Pet | D7: 3 | E7: 1 | F7: 2 | G7: I Hate Pets! | H7: When Scrag ends his Movement, he deals 2 Wounds to All Close Enemy Pets.
A8: Inferno KS | B8: Biru | C8: Mascot Pet | D8: 1 | E8: 1 | F8: 2 | G8: Biru! | H8: Entering and leaving Biru's Space costs no Movement Points to Owners.
A9: Inferno KS | B9: Biru | C9: Mascot Pet | D9: 2 | E9: 2 | F9: 3 | G9: Biru! | H9: Entering and leaving Biru's Space costs no Movement Points to Owners.
A10: Inferno KS | B10: Biru | C10: Mascot Pet | D10: 3 | E10: 3 | F10: 3 | G10: Biru! | H10: Entering and leaving Biru's Space costs no Movement Points to Owners.
A11: Inferno KS | B11: Bones | C11: Skelebone Pet | D11: 1 | E11: 0 | F11: 3 | G11: Deathbound | H11: Bones may take Wounds that Close Owners would have taken. Wounds cannot exceed his Life.
A12: Inferno KS | B12: Bones | C12: Skelebone Pet | D12: 2 | E12: 1 | F12: 4 | G12: Deathbound | H12: Bones may take Wounds that Close Owners would have taken. Wounds cannot exceed his Life.
A13: Inferno KS | B13: Bones | C13: Skelebone Pet | D13: 3 | E13: 1 | F13: 5 | G13: Deathbound | H13: Bones may take Wounds that Close Owners would have taken. Wounds cannot exceed his Life.
A14: Inferno KS | B14: Gadget | C14: Critter Pet | D14: 1 | E14: 2 | F14: 2 | G14: Hold the Door! | H14: Close Enemy Heroes can't use Portals or open Doors.
A15: Inferno KS | B15: Gadget | C15: Critter Pet | D15: 2 | E15: 3 | F15: 3 | G15: Hold the Door! | H15: Close Enemy Heroes can't use Portals or open Doors.
A16: Inferno KS | B16: Gadget | C16: Critter Pet | D16: 3 | E16: 3 | F16: 4 | G16: Hold the Door! | H16: Close Enemy Heroes can't use Portals or open Doors.
... A79: Pets KS Bonus | B79: Cerby | C79: Helldog Pet | D79: 3 | E79: 1 | F79: 3 | G79: Sic 'em! | H79: When an Owner attacks an Enemy in Cerby's Space, the attack may target 3 additional Enemies Close to it.

Sheet Mounts
A1: Set | B1: Name | C1: Health | D1: Ability Name | E1: Ability Description
A2: Riders | B2: Bawkbawk | C2: 4 | D2: Chicken Wings | E2: Place this Mount and Rider in any empty Space in Line of Sight.
A3: Riders | B3: Toshi | C3: 4 | D3: Trample | E3: During this activation, when you Shove Characters, you may also Daze them.
A4: Riders | B4: Luda | C4: 4 | D4: Excited Bouncing | E4: During this activation, when you Shove Heroes, exhaust all cards from each Shoved Hero unless each takes 2 Wounds.
A5: Riders | B5: Tianlong | C5: 3 | D5: Dragon Fire | E5: Perform a 4 dice Ranged Attack against an Enemy in Line of Sight.
A6: Riders | B6: Hornsteady | C6: 3 | D6: Sudden Charge | E6: During this activation, when you Shove Characters, you also deal 1 Wound to them.
A7: Riders | B7: Beka | C7: 3 | D7: Flutter | E7: During this activation, this Mount doesn't trigger Guard Reaction.
A8: Riders KS Bonus | B8: Phantom | C8: 5 | D8: Fierce Growl | E8: Move a Mount and its Rider in Line of Sight up to 3 Spaces (this Move triggers Guard Reactions).
A9: Riders KS Bonus | B9: Stonebeak | C9: 4 | D9: Sweep n' Drop | E9: During this activation, when you Shove Characters, you may place them in any Space in Line of Sight.
A10: Game Night Kit | B10: Samson | C10: 3 | D10: Mighty Presence | E10: Rider gets +2 dice for this Attack.
A11: Game Night Kit | B11: Baron | C11: 3 | D11: Headbutt | E11: Perform a 3 dice Melee Attack against any Close Enemy.

Sheet Dragons
A1: Set | B1: Name | C1: Subtitle | D1: Type | E1: Life | F1: Defense | G1: Coins | H1: Move | I1: Attack Type | J1: Attack | K1: Attack Name | L1: Ability | M1: Other | N1: Ability2
A2: Chaos Dragon | B2: Havok | C2: Chaos Dragon | D2: Young - Initial | E2: 10 | F2: 2 | G2: 4 | H2: 1 | I2: Ranged | J2: 10 | K2: Chaos Breath | L2: Also targets all Heroes Close to the target. For each Crit, all targets take one Chaos token. Rolls an extra die per Damnation on the target. | M2: Dragon Might | N2: Only Crit on Attack dice score a Hit against him. Shoves characters when moving, dealing 1 Wound to each Shoved Character.
A3: Chaos Dragon | B3: Havok | C3: Chaos Dragon | D3: Young - Final | E3: 9 | F3: 2 | G3: 4 | H3: 1 | I3: Ranged | J3: 11 | K3: Chaos Breath | L3: Also targets all Heroes Close to the target. For each Crit, all targets take one Chaos token. Rolls an extra die per Damnation on the target. | M3: Dragon Might | N3: Only Crit on Attack dice score a Hit against him. Shoves characters when moving, dealing 1 Wound to each Shoved Character.
A4: Chaos Dragon | B4: Havok | C4: Chaos Dragon | D4: Elder - Initial | E4: 12 | F4: 2 | G4: 4 | H4: 1 | I4: Ranged | J4: 11 | K4: Chaos Breath | L4: Also targets all Heroes Close to the target. For each Crit, all targets take one Chaos token. Rolls an extra die per Damnation on the target. | M4: Dragon Might | N4: Only Crit on Attack dice score a Hit against him. Shoves characters when moving, dealing 1 Wound to each Shoved Character.
A5: Chaos Dragon | B5: Havok | C5: Chaos Dragon | D5: Elder - Final | E5: 11 | F5: 2 | G5: 4 | H5: 1 | I5: Ranged | J5: 12 | K5: Chaos Breath | L5: Also targets all Heroes Close to the target. For each Crit, all targets take one Chaos token. Rolls an extra die per Damnation on the target. | M5: Dragon Might | N5: Only Crit on Attack dice score a Hit against him. Shoves characters when moving, dealing 1 Wound to each Shoved Character.
A6: Frost Dragon | B6: Icewyng | C6: Frost Dragon | D6: Young - Initial | E6: 9 | F6: 3 | G6: 4 | H6: 1 | I6: Ranged | J6: 10 | K6: Frost Breath | L6: Also targets all Heroes Close to the target. For each Crit, all targets place one Frost token on one of their Upgrade Cards. Rolls an extra die per Damnation on the target. | M6: Dragon Might | N6: Only Crit on Attack dice score a Hit against him. Shoves characters when moving, dealing 1 Wound to each Shoved Character.
A7: Frost Dragon | B7: Icewyng | C7: Frost Dragon | D7: Young - Final | E7: 8 | F7: 3 | G7: 4 | H7: 1 | I7: Ranged | J7: 11 | K7: Frost Breath | L7: Also targets all Heroes Close to the target. For each Crit, all targets place one Frost token on one of their Upgrade Cards. Rolls an extra die per Damnation on the target. | M7: Dragon Might | N7: Only Crit on Attack dice score a Hit against him. Shoves characters when moving, dealing 1 Wound to each Shoved Character.
A8: Frost Dragon | B8: Icewyng | C8: Frost Dragon | D8: Elder - Initial | E8: 11 | F8: 3 | G8: 4 | H8: 1 | I8: Ranged | J8: 11 | K8: Frost Breath | L8: Also targets all Heroes Close to the target. For each Crit, all targets place one Frost token on one of their Upgrade Cards. Rolls an extra die per Damnation on the target. | M8: Dragon Might | N8: Only Crit on Attack dice score a Hit against him. Shoves characters when moving, dealing 1 Wound to each Shoved Character.
A9: Frost Dragon | B9: Icewyng | C9: Frost Dragon | D9: Elder - Final | E9: 10 | F9: 3 | G9: 4 | H9: 1 | I9: Ranged | J9: 12 | K9: Frost Breath | L9: Also targets all Heroes Close to the target. For each Crit, all targets place one Frost token on one of their Upgrade Cards. Rolls an extra die per Damnation on the target. | M9: Dragon Might | N9: Only Crit on Attack dice score a Hit against him. Shoves characters when moving, dealing 1 Wound to each Shoved Character.
A10: Poison Dragon | B10: Rotwailer | C10: Poison Dragon | D10: Young - Initial | E10: 9 | F10: 3 | G10: 4 | H10: 1 | I10: Ranged | J10: 9 | K10: Poison Breath | L10: Also targets all Heroes Close to the target. For each Crit, all targets take one Poison token. Rolls an extra die per Damnation on the target. | M10: Dragon Might | N10: Only Crit on Attack dice score a Hit against him. Shoves characters when moving, dealing 1 Wound to each Shoved Character.
A11: Poison Dragon | B11: Rotwailer | C11: Poison Dragon | D11: Young - Final | E11: 8 | F11: 3 | G11: 4 | H11: 1 | I11: Ranged | J11: 10 | K11: Poison Breath | L11: Also targets all Heroes Close to the target. For each Crit, all targets take one Poison token. Rolls an extra die per Damnation on the target. | M11: Dragon Might | N11: Only Crit on Attack dice score a Hit against him. Shoves characters when moving, dealing 1 Wound to each Shoved Character.
A12: Poison Dragon | B12: Rotwailer | C12: Poison Dragon | D12: Elder - Initial | E12: 11 | F12: 3 | G12: 4 | H12: 1 | I12: Ranged | J12: 10 | K12: Poison Breath | L12: Also targets all Heroes Close to the target. For each Crit, all targets take one Poison token. Rolls an extra die per Damnation on the target. | M12: Dragon Might | N12: Only Crit on Attack dice score a Hit against him. Shoves characters when moving, dealing 1 Wound to each Shoved Character.
A13: Poison Dragon | B13: Rotwailer | C13: Poison Dragon | D13: Elder - Final | E13: 10 | F13: 3 | G13: 4 | H13: 1 | I13: Ranged | J13: 11 | K13: Poison Breath | L13: Also targets all Heroes Close to the target. For each Crit, all targets take one Poison token. Rolls an extra die per Damnation on the target. | M13: Dragon Might | N13: Only Crit on Attack dice score a Hit against him. Shoves characters when moving, dealing 1 Wound to each Shoved Character.
... A17: Fire Dragon | B17: Mog'Dor | C17: Fire Dragon | D17: Elder - Final | E17: 12 | F17: 2 | G17: 5 | H17: 1 | I17: Ranged | J17: 10 | K17: Fire Breath | L17: Also targets all Heroes Close to the target. For each Crit, all targets take one Fire token. Rolls an extra die per Damnation on the target. | M17: Dragon Might | N17: Only Crit on Attack dice score a Hit against him. Shoves characters when moving, dealing 1 Wound to each Shoved Character.

Sheet Dragon Turns
A1: Set | B1: Name | C1: Qty | D1: Subtitle | E1: Description
A2: Fire Dragon | B2: Dragon Sleeps Tonight | C2: 2 | D2: Respite | E2: Nothing happens.
A3: Fire Dragon | B3: Dragon's Den | C3: 2 | D3: Lick Wounds | E3: The Dragon is placed on the indicated area of the map and Heals 2 Wounds.
A4: Fire Dragon | B4: Fire Swoop | C4: 4 | D4: Dragon Charges | E4: The Dragon is placed on the indicated area of the map and attacks the closest Hero in Line of Sight. (Each card has a different location)
A5: Fire Dragon | B5: Light My Fire | C5: 6 | D5: Fire Bombs Ignite | E5: Place 2 Fire Tokens on each of the following Fire Bombs: (1,2,3)/(4,5,6)/(2,4,6)/(2,3,6)/(1,4,5)/(1,3,5) - (Each card has a different set of the numbers in parenthesis)
A6: Fire Dragon | B6: Major Minion Spawn | C6: 1 | D6: Spawn Minions | E6: Spawn up to 2 Spear Beastman or Demon Pitcher, if they are off the board. Activate any of them that are on the board, performing their movement and attack against their respective closest Heroes.
A7: Fire Dragon | B7: Major Minion Spawn | C7: 1 | D7: Spawn Minions | E7: Spawn up to 2 Hammer Beastman or Cerberus, if they are off the board. Activate any of them that are on the board, performing their movement and attack against their respective closest Heroes.
A8: Fire Dragon | B8: Minor Minion Spawn | C8: 1 | D8: Spawn Minions | E8: Spawn 4 Goblin Archer or Harpy.
A9: Fire Dragon | B9: Minor Minion Spawn | C9: 1 | D9: Spawn Minions | E9: Spawn 4 Orc Marauder or Demoness.
A10: Fire Dragon | B10: Tail Swing | C10: 3 | D10: Multi-Attack | E10: The Dragon is placed on the indicated area of the map and deals 2 Wounds to all Close Heroes. (Each card has a different location)
A11: Fire Dragon | B11: The Heat Is On! | C11: 2 | D11: All Fire Bombs Ignite | E11: Place 1 Fire Token on each of the Fire Bombs.
A12: Fire Dragon | B12: Winds of Change | C12: 1 | D12: Reshuffle | E12: Shuffle the Dragon Turn deck with the discard pile.
A13: Frost Dragon | B13: Cool Your Head | C13: 2 | D13: Ice Box | E13: Place one Ice Box in the Space where the last activated living Hero is.
... A47: Chaos Dragon | B47: Winds of Change | C47: 1 | D47: Reshuffle | E47: Shuffle the Dragon Turn deck with the discard pile.
